shot_id_number,is_goal
1,0.38
8,0.78
17,0.65
20,0.77
22,0.38
33,0.57
34,0.81
35,0.75
36,0.65
37,0.88
38,0.64
45,0.57
50,0.29
55,0.58
60,0.53
62,0.19
66,0.48
67,0.35
71,0.43
72,0.45
76,0.43
80,0.38
85,0.42
86,0.23
87,0.49
92,0.71
95,0.57
97,0.56
104,0.37
113,0.53
122,0.66
123,0.6
126,0.57
133,0.67
134,0.66
141,0.61
144,0.73
150,0.39
152,0.6
153,0.5
156,0.77
159,0.82
165,0.63
172,0.4
182,0.6
192,0.43
193,0.74
196,0.4
202,0.4
205,0.31
210,0.49
211,0.44
228,0.7
250,0.63
257,0.77
260,0.34
262,0.47
264,0.65
267,0.52
279,0.74
282,0.4
293,0.48
299,0.5
300,0.47
301,0.46
317,0.45
327,0.27
328,0.46
335,0.81
346,0.51
348,0.65
360,0.43
365,0.36
379,0.17
382,0.48
390,0.43
391,0.61
392,0.59
397,0.56
417,0.63
418,0.48
420,0.55
428,0.36
429,0.52
434,0.49
439,0.69
440,0.62
451,0.62
456,0.57
459,0.58
472,0.34
480,0.44
491,0.39
497,0.59
509,0.42
511,0.31
523,0.42
533,0.36
544,0.51
546,0.63
552,0.46
555,0.95
558,0.48
560,0.29
568,0.51
571,0.42
573,0.49
576,0.88
578,0.48
591,0.49
596,0.45
597,0.42
601,0.76
605,0.53
617,0.52
625,0.3
628,0.36
634,0.57
646,0.51
649,0.63
651,0.82
654,0.71
656,0.62
657,0.485
661,0.52
669,0.58
670,0.64
680,0.6
693,0.34
694,0.69
699,0.73
711,0.43
715,0.56
718,0.68
722,0.54
723,0.56
725,0.56
734,0.83
735,0.8
737,0.39
746,0.38
747,0.52
764,0.58
766,0.24
767,0.48
771,0.6
773,0.21
774,0.61
783,0.49
784,0.54
789,0.67
792,0.5
804,0.75
809,0.22
812,0.3
813,0.35
817,0.41
818,0.44
820,0.42
825,0.28
826,0.32
829,0.52
833,0.45
855,0.53
859,0.89
862,0.6
870,0.52
876,0.52
880,0.37
886,0.47
889,0.53
891,0.6
897,0.72
902,0.52
903,0.84
908,0.13
909,0.67
920,0.58
922,0.56
924,0.41
932,0.5
934,0.49
937,0.23
938,0.53
941,0.38
943,0.61
947,0.37
950,0.47
952,0.54
954,0.7
962,0.69
963,0.36
975,0.61
979,0.53
981,0.31
983,0.54
985,0.71
989,0.66
995,0.37
998,0.47
1008,0.47
1019,0.56
1023,0.31
1026,0.46
1029,0.4
1034,0.39
1036,0.42
1038,0.39
1039,0.62
1044,0.68
1049,0.42
1051,0.51
1052,0.47
1062,0.66
1064,0.46
1066,0.5
1087,0.48
1092,0.55
1094,0.32
1098,0.51
1099,0.35
1102,0.51
1103,0.53
1118,0.46
1131,0.32
1133,0.58
1135,0.72
1138,0.56
1139,0.55
1141,0.75
1142,0.46
1151,0.51
1152,0.45
1155,0.78
1157,0.81
1165,0.13
1167,0.67
1172,0.59
1174,0.67
1178,0.54
1180,0.76
1200,0.46
1202,0.29
1209,0.82
1227,0.65
1228,0.74
1229,0.38
1237,0.87
1241,0.76
1248,0.47
1256,0.36
1277,0.23
1279,0.52
1288,0.82
1290,0.4
1293,0.36
1295,0.49
1308,0.37
1315,0.71
1319,0.65
1320,0.34
1321,0.42
1322,0.58
1331,0.39
1334,0.25
1343,0.58
1348,0.46
1349,0.48
1351,0.58
1373,0.49
1375,0.3
1380,0.33
1382,0.49
1385,0.7
1387,0.73
1394,0.49
1399,0.6
1403,0.59
1409,0.69
1413,0.45
1425,0.81
1428,0.57
1434,0.36
1444,0.8
1448,0.35
1461,0.39
1466,0.42
1476,0.47
1478,0.55
1485,0.36
1491,0.7
1494,0.5
1495,0.6
1500,0.76
1501,0.54
1503,0.59
1507,0.73
1511,0.47
1519,0.66
1524,0.63
1528,0.55
1529,0.47
1533,0.7
1538,0.79
1539,0.35
1545,0.39
1546,0.64
1550,0.32
1555,0.4
1556,0.68
1558,0.53
1559,0.3
1561,0.56
1563,0.47
1565,0.27
1574,0.22
1581,0.86
1583,0.68
1591,0.83
1594,0.52
1605,0.65
1611,0.67
1614,0.57
1617,0.73
1620,0.28
1626,0.36
1628,0.49
1630,0.32
1632,0.32
1634,0.54
1643,0.54
1651,0.61
1654,0.46
1655,0.62
1658,0.4
1659,0.55
1665,0.21
1675,0.29
1680,0.76
1690,0.27
1696,0.32
1714,0.38
1718,0.79
1721,0.73
1726,0.36
1728,0.25
1734,0.32
1735,0.66
1740,0.77
1744,0.44
1747,0.14
1752,0.43
1763,0.51
1764,0.44
1765,0.63
1769,0.34
1770,0.92
1785,0.75
1787,0.55
1788,0.76
1793,0.34
1794,0.67
1800,0.49
1812,0.43
1825,0.75
1826,0.78
1834,0.19
1843,0.7
1844,0.53
1848,0.35
1849,0.57
1860,0.64
1863,0.66
1875,0.56
1883,0.62
1890,0.58
1892,0.52
1893,0.6
1897,0.69
1905,0.41
1908,0.32
1931,0.72
1940,0.72
1943,0.27
1947,0.26
1965,0.37
1967,0.44
1968,0.47
1972,0.82
1982,0.4
1985,0.29
2005,0.77
2010,0.6
2021,0.59
2024,0.57
2027,0.22
2028,0.25
2035,0.65
2036,0.51
2043,0.7
2047,0.33
2049,0.31
2055,0.61
2065,0.58
2066,0.36
2070,0.47
2077,0.21
2081,0.44
2085,0.57
2089,0.4
2095,0.47
2097,0.55
2100,0.72
2108,0.78
2112,0.19
2113,0.54
2120,0.54
2121,0.36
2122,0.6
2139,0.31
2141,0.54
2144,0.16
2146,0.65
2148,0.07
2149,0.81
2157,0.44
2158,0.61
2159,0.54
2168,0.61
2176,0.83
2178,0.7
2181,0.41
2184,0.33
2187,0.61
2188,0.4
2190,0.62
2193,0.67
2194,0.79
2197,0.63
2202,0.63
2204,0.52
2211,0.58
2214,0.34
2215,0.57
2217,0.28
2222,0.29
2223,0.36
2226,0.33
2230,0.54
2233,0.7
2240,0.57
2246,0.45
2247,0.66
2250,0.59
2254,0.44
2257,0.42
2259,0.56
2262,0.56
2263,0.51
2266,0.58
2305,0.34
2310,0.36
2313,0.7
2319,0.35
2320,0.43
2341,0.42
2345,0.74
2350,0.64
2356,0.37
2360,0.51
2370,0.29
2374,0.92
2384,0.19
2386,0.4
2397,0.69
2398,0.19
2411,0.38
2414,0.52
2435,0.52
2439,0.52
2446,0.65
2458,0.46
2465,0.31
2466,0.46
2470,0.65
2490,0.27
2495,0.66
2501,0.62
2507,0.81
2533,0.29
2537,0.29
2538,0.32
2541,0.51
2542,0.61
2544,0.58
2554,0.31
2555,0.27
2565,0.5
2572,0.45
2573,0.43
2575,0.53
2586,0.64
2588,0.33
2594,0.73
2617,0.77
2618,0.67
2620,0.64
2623,0.68
2631,0.79
2640,0.62
2642,0.72
2647,0.34
2663,0.57
2664,0.44
2676,0.33
2680,0.66
2681,0.6
2690,0.36
2691,0.33
2693,0.37
2695,0.78
2704,0.24
2708,0.41
2709,0.75
2717,0.64
2718,0.66
2722,0.62
2728,0.57
2732,0.59
2743,0.52
2745,0.67
2752,0.47
2756,0.35
2757,0.53
2761,0.67
2769,0.67
2771,0.78
2773,0.52
2774,0.47
2776,0.38
2781,0.35
2793,0.39
2799,0.62
2800,0.39
2803,0.54
2811,0.66
2818,0.3
2824,0.86
2828,0.73
2829,0.35
2830,0.45
2842,0.72
2847,0.53
2848,0.75
2868,0.25
2870,0.59
2885,0.64
2886,0.5
2889,0.78
2902,0.5
2903,0.27
2904,0.75
2918,0.77
2919,0.62
2922,0.46
2923,0.75
2931,0.58
2945,0.26
2946,0.28
2955,0.49
2957,0.68
2960,0.46
2963,0.59
2966,0.72
2972,0.58
2973,0.5
2974,0.5
2981,0.66
2982,0.63
2984,0.52
2998,0.49
3016,0.47
3021,0.38
3023,0.86
3025,0.41
3026,0.76
3029,0.57
3034,0.78
3037,0.71
3038,0.91
3040,0.51
3051,0.59
3062,0.3
3069,0.68
3071,0.61
3076,0.69
3079,0.5
3081,0.23
3082,0.48
3084,0.4
3091,0.46
3095,0.63
3098,0.57
3104,0.48
3105,0.58
3108,0.27
3114,0.33
3118,0.16
3122,0.67
3123,0.61
3132,0.51
3138,0.65
3141,0.64
3156,0.64
3162,0.77
3167,0.47
3170,0.46
3171,0.43
3172,0.4
3176,0.68
3180,0.56
3189,0.42
3193,0.7
3198,0.17
3203,0.69
3205,0.42
3206,0.52
3215,0.71
3217,0.4
3222,0.51
3228,0.31
3229,0.56
3232,0.39
3233,0.53
3235,0.67
3238,0.31
3256,0.9
3264,0.52
3265,0.57
3273,0.65
3275,0.29
3285,0.76
3289,0.75
3294,0.15
3306,0.59
3311,0.53
3315,0.32
3318,0.33
3322,0.39
3324,0.36
3327,0.48
3334,0.45
3341,0.56
3345,0.49
3346,0.75
3352,0.39
3368,0.45
3369,0.25
3371,0.14
3372,0.39
3375,0.26
3384,0.44
3386,0.24
3387,0.67
3393,0.29
3406,0.62
3411,0.33
3412,0.38
3414,0.35
3417,0.66
3420,0.69
3423,0.56
3436,0.56
3437,0.42
3438,0.7
3442,0.48
3443,0.53
3446,0.75
3451,0.55
3461,0.47
3473,0.8
3477,0.44
3489,0.35
3491,0.3
3510,0.39
3515,0.66
3527,0.63
3530,0.76
3533,0.64
3540,0.48
3545,0.76
3553,0.38
3569,0.5
3582,0.22
3604,0.59
3605,0.45
3609,0.61
3616,0.58
3624,0.19
3628,0.54
3630,0.57
3641,0.4
3642,0.58
3648,0.37
3650,0.84
3651,0.37
3652,0.75
3660,0.27
3664,0.56
3670,0.46
3672,0.39
3680,0.59
3682,0.61
3685,0.59
3686,0.56
3689,0.24
3691,0.51
3696,0.71
3698,0.41
3705,0.54
3712,0.44
3713,0.67
3719,0.29
3721,0.37
3723,0.56
3724,0.62
3725,0.3
3727,0.35
3733,0.4
3734,0.46
3736,0.61
3742,0.47
3761,0.6
3765,0.81
3770,0.4
3774,0.22
3777,0.48
3778,0.48
3780,0.45
3781,0.61
3783,0.63
3784,0.57
3788,0.21
3790,0.55
3794,0.37
3795,0.68
3796,0.51
3801,0.35
3802,0.29
3806,0.47
3808,0.33
3813,0.42
3814,0.3
3818,0.76
3824,0.22
3836,0.33
3853,0.32
3855,0.48
3858,0.65
3861,0.63
3866,0.18
3869,0.63
3870,0.48
3874,0.78
3876,0.28
3878,0.17
3884,0.78
3890,0.49
3900,0.75
3904,0.42
3906,0.51
3907,0.32
3908,0.4
3912,0.46
3913,0.7
3914,0.59
3918,0.7
3923,0.42
3924,0.45
3925,0.86
3927,0.61
3955,0.72
3964,0.27
3966,0.31
3969,0.71
3974,0.68
3976,0.45
3984,0.53
3991,0.37
3993,0.33
4009,0.58
4011,0.43
4016,0.62
4020,0.51
4024,0.36
4033,0.57
4035,0.41
4041,0.59
4045,0.77
4052,0.86
4055,0.55
4056,0.61
4057,0.31
4067,0.74
4069,0.56
4077,0.35
4079,0.79
4094,0.43
4095,0.24
4096,0.52
4100,0.5
4119,0.33
4129,0.42
4130,0.29
4131,0.53
4132,0.37
4134,0.68
4135,0.54
4136,0.32
4137,0.53
4138,0.25
4143,0.15
4145,0.62
4148,0.33
4156,0.35
4163,0.08
4166,0.56
4169,0.81
4170,0.68
4174,0.76
4180,0.58
4190,0.59
4195,0.39
4199,0.72
4201,0.44
4203,0.38
4210,0.13
4211,0.73
4213,0.92
4225,0.53
4235,0.31
4236,0.49
4242,0.76
4244,0.73
4245,0.67
4250,0.22
4252,0.29
4254,0.5
4263,0.33
4264,0.41
4268,0.5
4270,0.53
4274,0.28
4282,0.68
4283,0.61
4291,0.56
4304,0.42
4306,0.37
4309,0.43
4310,0.62
4313,0.4
4314,0.4
4315,0.53
4321,0.53
4324,0.44
4325,0.44
4328,0.24
4329,0.51
4332,0.37
4337,0.54
4342,0.43
4344,0.41
4352,0.57
4355,0.56
4361,0.53
4366,0.29
4371,0.54
4372,0.43
4376,0.44
4381,0.36
4384,0.59
4387,0.18
4389,0.38
4390,0.43
4405,0.65
4406,0.38
4407,0.81
4409,0.86
4410,0.77
4413,0.6
4424,0.59
4428,0.63
4434,0.2
4452,0.78
4458,0.41
4460,0.29
4461,0.38
4470,0.76
4480,0.42
4496,0.89
4503,0.35
4507,0.42
4512,0.55
4518,0.77
4519,0.33
4522,0.5
4525,0.3
4537,0.45
4546,0.64
4547,0.47
4553,0.31
4556,0.31
4558,0.37
4563,0.21
4568,0.46
4574,0.47
4578,0.55
4587,0.64
4592,0.59
4594,0.5
4610,0.35
4615,0.5
4617,0.51
4619,0.26
4620,0.29
4625,0.36
4626,0.51
4635,0.83
4636,0.71
4641,0.13
4647,0.28
4650,0.24
4653,0.7
4658,0.73
4660,0.53
4665,0.47
4668,0.71
4669,0.32
4670,0.46
4674,0.27
4675,0.48
4676,0.74
4679,0.44
4680,0.7
4686,0.51
4690,0.24
4699,0.24
4711,0.48
4713,0.64
4718,0.46
4721,0.49
4722,0.23
4724,0.36
4730,0.69
4731,0.76
4733,0.57
4735,0.28
4739,0.34
4743,0.23
4745,0.51
4746,0.51
4747,0.67
4748,0.32
4761,0.67
4762,0.94
4763,0.63
4769,0.69
4771,0.38
4774,0.34
4784,0.52
4794,0.31
4797,0.3
4801,0.33
4804,0.17
4820,0.45
4833,0.5
4834,0.59
4851,0.54
4859,0.28
4860,0.77
4863,0.24
4873,0.44
4881,0.5
4892,0.68
4897,0.57
4908,0.85
4911,0.69
4915,0.51
4922,0.5
4929,0.66
4936,0.33
4939,0.42
4948,0.44
4951,0.47
4956,0.43
4961,0.29
4964,0.53
4981,0.25
4991,0.78
4992,0.33
4997,0.51
5004,0.47
5010,0.49
5012,0.45
5015,0.14
5019,0.56
5020,0.17
5021,0.46
5030,0.35
5051,0.84
5052,0.74
5057,0.72
5058,0.52
5060,0.32
5061,0.49
5064,0.86
5068,0.41
5072,0.57
5078,0.48
5080,0.62
5081,0.23
5086,0.49
5088,0.48
5089,0.6
5090,0.55
5098,0.29
5103,0.66
5108,0.4
5114,0.56
5115,0.51
5124,0.7
5129,0.42
5137,0.77
5139,0.65
5142,0.55
5144,0.46
5149,0.6
5157,0.45
5163,0.48
5174,0.53
5176,0.63
5179,0.49
5186,0.61
5195,0.45
5199,0.43
5203,0.37
5204,0.58
5206,0.71
5207,0.38
5220,0.4
5221,0.79
5224,0.41
5227,0.44
5229,0.63
5232,0.68
5240,0.85
5242,0.3
5243,0.39
5245,0.48
5248,0.64
5249,0.47
5254,0.5
5265,0.37
5269,0.31
5272,0.53
5276,0.57
5286,0.58
5288,0.62
5290,0.53
5308,0.57
5311,0.78
5316,0.55
5318,0.77
5319,0.43
5320,0.82
5322,0.27
5324,0.26
5331,0.61
5336,0.7
5344,0.69
5346,0.23
5354,0.66
5356,0.04
5358,0.51
5359,0.57
5361,0.3
5365,0.83
5370,0.47
5376,0.28
5383,0.63
5384,0.5
5385,0.47
5390,0.49
5393,0.52
5397,0.53
5398,0.56
5402,0.32
5407,0.66
5409,0.28
5424,0.59
5425,0.6
5428,0.79
5430,0.27
5439,0.59
5442,0.28
5447,0.58
5470,0.29
5473,0.45
5474,0.39
5477,0.67
5485,0.46
5488,0.32
5491,0.66
5493,0.62
5502,0.37
5504,0.43
5506,0.72
5514,0.16
5517,0.39
5522,0.54
5524,0.71
5527,0.9
5528,0.82
5536,0.69
5545,0.62
5576,0.64
5577,0.7
5582,0.32
5583,0.69
5592,0.55
5594,0.45
5595,0.37
5596,0.16
5599,0.6
5606,0.69
5617,0.28
5619,0.42
5625,0.37
5626,0.46
5627,0.73
5632,0.82
5637,0.69
5639,0.69
5642,0.68
5654,0.38
5659,0.72
5664,0.82
5666,0.26
5670,0.41
5671,0.41
5674,0.31
5677,0.5
5681,0.22
5683,0.1
5700,0.87
5710,0.65
5713,0.68
5715,0.68
5718,0.48
5720,0.39
5726,0.5
5738,0.26
5741,0.41
5743,0.52
5753,0.89
5761,0.34
5776,0.59
5780,0.41
5785,0.73
5789,0.36
5797,0.67
5798,0.61
5803,0.66
5810,0.4
5813,0.51
5817,0.55
5818,0.31
5822,0.66
5829,0.63
5845,0.38
5846,0.65
5847,0.46
5854,0.64
5858,0.72
5863,0.39
5867,0.41
5869,0.44
5870,0.49
5872,0.84
5876,0.41
5881,0.38
5886,0.6
5891,0.39
5898,0.62
5901,0.29
5914,0.75
5922,0.34
5928,0.52
5933,0.66
5934,0.66
5946,0.7
5951,0.48
5955,0.27
5956,0.78
5965,0.67
5968,0.84
5972,0.44
5978,0.25
5981,0.58
5997,0.54
6005,0.35
6009,0.59
6010,0.44
6015,0.32
6025,0.42
6039,0.65
6047,0.8
6051,0.0
6056,0.61
6061,0.26
6064,0.46
6065,0.74
6070,0.38
6071,0.8
6079,0.65
6085,0.54
6086,0.42
6091,0.81
6097,0.62
6099,0.77
6104,0.55
6106,0.73
6108,0.76
6109,0.74
6124,0.43
6140,0.31
6142,0.74
6144,0.21
6150,0.63
6154,0.53
6155,0.56
6156,0.79
6158,0.63
6159,0.82
6160,0.58
6166,0.66
6169,0.72
6170,0.0
6173,0.49
6175,0.68
6179,0.69
6184,0.7
6185,0.5
6186,0.9
6192,0.23
6204,0.36
6230,0.39
6231,0.27
6232,0.74
6235,0.6
6237,0.72
6239,0.44
6245,0.47
6263,0.3
6265,0.3
6270,0.47
6271,0.36
6278,0.97
6279,0.66
6287,0.35
6288,0.46
6294,0.45
6295,0.54
6302,0.57
6306,0.27
6322,0.43
6324,0.47
6327,0.61
6331,0.71
6334,0.37
6336,0.59
6338,0.42
6339,0.68
6362,0.27
6372,0.57
6374,0.41
6375,0.37
6390,0.4
6393,0.21
6394,0.36
6405,0.58
6406,0.19
6416,0.47
6421,0.72
6422,0.26
6440,0.45
6446,0.55
6457,0.41
6460,0.44
6463,0.77
6474,0.51
6476,0.35
6477,0.22
6482,0.85
6488,0.43
6489,0.52
6494,0.47
6495,0.83
6499,0.44
6505,0.61
6507,0.17
6511,0.53
6524,0.44
6527,0.52
6531,0.35
6536,0.68
6538,0.13
6541,0.36
6542,0.43
6550,0.62
6565,0.25
6568,0.49
6584,0.29
6588,0.36
6593,0.87
6597,0.38
6603,0.66
6609,0.36
6611,0.4
6613,0.8
6616,0.64
6622,0.32
6627,0.57
6630,0.47
6637,0.58
6639,0.92
6640,0.42
6646,0.52
6647,0.84
6648,0.8
6655,0.38
6659,0.36
6669,0.38
6680,0.29
6681,0.2
6684,0.14
6693,0.35
6694,0.31
6704,0.57
6706,0.57
6710,0.64
6713,0.39
6718,0.61
6732,0.64
6737,0.72
6739,0.3
6742,0.61
6746,0.47
6753,0.64
6771,0.55
6784,0.43
6790,0.85
6795,0.88
6796,0.89
6805,0.42
6807,0.43
6808,0.68
6818,0.47
6823,0.39
6830,0.76
6831,0.67
6832,0.65
6836,0.46
6846,0.42
6850,0.43
6854,0.18
6868,0.88
6876,0.44
6877,0.53
6881,0.1
6882,0.3
6884,0.44
6886,0.36
6901,0.53
6903,0.76
6908,0.46
6910,0.53
6913,0.48
6914,0.64
6918,0.49
6930,0.46
6941,0.53
6944,0.34
6945,0.34
6947,0.78
6949,0.67
6952,0.55
6963,0.32
6964,0.85
6966,0.36
6972,0.72
6979,0.45
6981,0.42
6988,0.62
6990,0.25
6998,0.57
7004,0.45
7005,0.63
7011,0.66
7016,0.44
7020,0.71
7027,0.38
7042,0.64
7056,0.51
7061,0.41
7069,0.63
7071,0.65
7082,0.63
7088,0.41
7095,0.86
7098,0.46
7099,0.37
7108,0.27
7121,0.42
7125,0.62
7136,0.58
7149,0.59
7150,0.37
7151,0.33
7156,0.51
7167,0.49
7177,0.64
7178,0.44
7183,0.28
7186,0.42
7190,0.36
7192,0.36
7198,0.18
7201,0.34
7202,0.58
7205,0.45
7207,0.51
7213,0.22
7224,0.71
7225,0.54
7227,0.41
7233,0.41
7236,0.81
7237,0.32
7239,0.54
7246,0.4
7248,0.5
7261,0.77
7264,0.31
7266,0.31
7274,0.1
7278,0.86
7279,0.65
7293,0.39
7297,0.24
7312,0.7
7313,0.38
7315,0.31
7322,0.36
7323,0.88
7326,0.78
7334,0.42
7341,0.28
7359,0.73
7361,0.39
7363,0.77
7365,0.28
7371,0.36
7377,0.21
7383,0.37
7390,0.79
7393,0.73
7398,0.58
7405,0.71
7410,0.53
7415,0.7
7434,0.42
7435,0.82
7438,0.55
7447,0.47
7449,0.45
7450,0.26
7452,0.49
7453,0.35
7455,0.5
7456,0.32
7457,0.73
7460,0.39
7466,0.58
7470,0.45
7474,0.64
7482,0.29
7487,0.32
7488,0.44
7492,0.44
7496,0.34
7500,0.44
7501,0.27
7505,0.5
7509,0.15
7510,0.4
7512,0.57
7514,0.57
7519,0.48
7526,0.51
7531,0.5
7533,0.42
7536,0.48
7538,0.59
7539,0.39
7541,0.74
7544,0.82
7554,0.6
7556,0.33
7563,0.31
7564,0.66
7566,0.63
7567,0.55
7580,0.42
7581,0.58
7584,0.19
7587,0.16
7589,0.46
7590,0.59
7594,0.27
7597,0.33
7599,0.54
7602,0.93
7603,0.22
7605,0.55
7609,0.64
7613,0.39
7619,0.63
7625,0.43
7626,0.78
7636,0.83
7638,0.66
7639,0.54
7641,0.61
7643,0.65
7644,0.49
7657,0.41
7661,0.34
7666,0.5
7673,0.6
7683,0.9
7685,0.43
7697,0.29
7699,0.71
7704,0.45
7705,0.45
7708,0.55
7728,0.51
7733,0.59
7741,0.7
7743,0.56
7745,0.3
7751,0.69
7752,0.08
7754,0.38
7756,0.27
7757,0.5
7770,0.47
7773,0.71
7774,0.44
7776,0.78
7777,0.47
7778,0.27
7781,0.92
7784,0.39
7789,0.91
7794,0.52
7799,0.52
7801,0.5
7818,0.36
7823,0.27
7828,0.27
7832,0.35
7839,0.41
7851,0.41
7856,0.53
7868,0.59
7869,0.21
7872,0.21
7873,0.66
7874,0.25
7878,0.09
7881,0.11
7888,0.5
7902,0.59
7913,0.33
7922,0.55
7923,0.37
7925,0.51
7926,0.31
7935,0.36
7938,0.37
7942,0.5
7945,0.43
7950,0.73
7954,0.38
7959,0.51
7963,0.31
7969,0.47
7970,0.77
7973,0.43
7977,0.65
7981,0.66
7990,0.39
8013,0.42
8020,0.51
8023,0.5
8025,0.7
8034,0.61
8039,0.5
8046,0.25
8051,0.5
8055,0.33
8060,0.51
8063,0.4
8064,0.25
8073,0.73
8074,0.35
8076,0.71
8077,0.66
8080,0.41
8082,0.33
8088,0.61
8102,0.67
8103,0.55
8104,0.78
8105,0.41
8109,0.6
8115,0.81
8121,0.45
8126,0.54
8127,0.73
8135,0.69
8152,0.42
8153,0.47
8156,0.55
8160,0.68
8161,0.23
8162,0.64
8171,0.44
8181,0.63
8183,0.53
8185,0.23
8191,0.69
8192,0.58
8200,0.47
8203,0.3
8204,0.7
8207,0.52
8208,0.56
8209,0.45
8210,0.51
8215,0.53
8217,0.36
8225,0.36
8226,0.38
8231,0.3
8233,0.14
8244,0.6
8249,0.44
8250,0.33
8258,0.21
8261,0.66
8265,0.38
8269,0.71
8278,0.4
8279,0.42
8280,0.48
8296,0.73
8299,0.55
8300,0.37
8301,0.54
8305,0.53
8327,0.3
8334,0.28
8338,0.93
8340,0.44
8349,0.57
8355,0.45
8361,0.49
8362,0.25
8364,0.48
8365,0.44
8375,0.36
8378,0.46
8379,0.89
8380,0.34
8381,0.2
8387,0.25
8399,0.46
8402,0.84
8409,0.38
8427,0.2
8429,0.31
8433,0.71
8436,0.36
8442,0.73
8445,0.18
8448,0.22
8451,0.62
8462,0.44
8464,0.54
8469,0.38
8474,0.44
8478,0.45
8482,0.63
8488,0.32
8490,0.46
8495,0.64
8498,0.45
8506,0.62
8510,0.44
8511,0.52
8527,0.12
8532,0.27
8533,0.3
8538,0.32
8541,0.31
8545,0.47
8553,0.44
8554,0.53
8555,0.45
8559,0.33
8569,0.26
8586,0.35
8593,0.47
8600,0.9
8606,0.58
8607,0.26
8609,0.54
8611,0.73
8613,0.51
8618,0.69
8624,0.51
8630,0.65
8634,0.66
8637,0.26
8650,0.32
8652,0.26
8655,0.5
8661,0.58
8669,0.42
8673,0.08
8674,0.34
8678,0.92
8682,0.25
8688,0.31
8689,0.37
8695,0.33
8698,0.53
8703,0.33
8709,0.63
8716,0.37
8723,0.36
8737,0.3
8743,0.51
8745,0.3
8747,0.46
8752,0.55
8753,0.38
8771,0.91
8773,0.81
8774,0.22
8778,0.92
8786,0.51
8794,0.34
8795,0.38
8796,0.59
8800,0.32
8801,0.25
8804,0.57
8808,0.42
8809,0.52
8812,0.77
8817,0.64
8818,0.35
8825,0.4
8830,0.51
8831,0.68
8833,0.56
8834,0.33
8836,0.63
8837,0.42
8844,0.6
8849,0.67
8851,0.47
8861,0.63
8864,0.33
8865,0.38
8867,0.35
8869,0.25
8873,0.6
8875,0.46
8880,0.45
8884,0.44
8888,0.59
8889,0.43
8891,0.94
8893,0.39
8897,0.57
8903,0.77
8905,0.23
8910,0.66
8918,0.72
8939,0.18
8940,0.5
8941,0.46
8942,0.67
8944,0.45
8949,0.33
8950,0.21
8958,0.48
8967,0.57
8973,0.28
8975,0.14
8979,0.37
8980,0.19
8991,0.4
8995,0.27
8996,0.28
8998,0.93
9000,0.57
9001,0.7
9002,0.53
9006,0.43
9013,0.53
9024,0.47
9026,0.37
9027,0.43
9034,0.52
9037,0.5
9038,0.42
9044,0.65
9050,0.41
9052,0.45
9054,0.62
9073,0.34
9078,0.78
9088,0.43
9097,0.57
9109,0.51
9112,0.47
9115,0.55
9120,0.7
9125,0.44
9128,0.6
9132,0.82
9136,0.58
9139,0.55
9140,0.26
9142,0.52
9143,0.47
9147,0.51
9154,0.21
9158,0.38
9159,0.51
9165,0.79
9172,0.6
9176,0.87
9177,0.37
9178,0.73
9179,0.34
9185,0.39
9189,0.61
9196,0.9
9199,0.21
9201,0.44
9202,0.45
9209,0.58
9210,0.7
9212,0.12
9214,0.41
9240,0.96
9241,0.48
9244,0.46
9246,0.71
9249,0.29
9250,0.31
9252,0.58
9255,0.58
9258,0.35
9263,0.39
9266,0.46
9269,0.58
9272,0.38
9276,0.68
9284,0.61
9290,0.49
9299,0.5
9303,0.32
9310,0.09
9311,0.41
9314,0.38
9315,0.79
9325,0.42
9328,0.62
9329,0.6
9332,0.47
9337,0.77
9353,0.51
9354,0.51
9355,0.28
9356,0.7
9362,0.64
9364,0.87
9366,0.74
9377,0.39
9382,0.77
9387,0.6
9388,0.73
9396,0.59
9400,0.44
9406,0.47
9407,0.48
9411,0.58
9416,0.47
9417,0.76
9423,0.53
9424,0.62
9425,0.79
9426,0.29
9427,0.6
9429,0.65
9430,0.37
9434,0.62
9442,0.5
9448,0.27
9458,0.59
9476,0.18
9481,0.41
9483,0.73
9484,0.62
9486,0.42
9487,0.77
9488,0.49
9490,0.39
9502,0.69
9505,0.38
9509,0.79
9515,0.46
9516,0.55
9531,0.34
9532,0.15
9536,0.52
9539,0.49
9542,0.6
9549,0.37
9550,0.53
9551,0.54
9553,0.66
9554,0.38
9561,0.26
9564,0.53
9566,0.72
9571,0.37
9577,0.5
9584,0.53
9592,0.5
9596,0.65
9602,0.13
9603,0.41
9604,0.81
9608,0.53
9609,0.48
9613,0.72
9623,0.64
9630,0.64
9633,0.64
9647,0.59
9648,0.47
9655,0.38
9657,0.39
9665,0.45
9666,0.58
9668,0.52
9670,0.44
9677,0.9
9678,0.53
9679,0.59
9693,0.77
9718,0.79
9720,0.81
9744,0.6
9745,0.24
9746,0.56
9753,0.34
9758,0.93
9759,0.43
9763,0.49
9766,0.45
9767,0.18
9777,0.27
9781,0.3
9783,0.76
9789,0.51
9790,0.33
9799,0.42
9802,0.48
9803,0.34
9805,0.68
9807,0.41
9812,0.55
9818,0.4
9819,0.76
9820,0.86
9822,0.74
9824,0.86
9834,0.68
9836,0.18
9846,0.82
9847,0.46
9856,0.54
9864,0.54
9867,0.82
9869,0.3
9875,0.2
9880,0.23
9885,0.51
9889,0.75
9894,0.53
9901,0.23
9909,0.79
9914,0.05
9915,0.43
9919,0.65
9920,0.3
9933,0.44
9940,0.36
9946,0.54
9948,0.34
9956,0.62
9958,0.71
9959,0.62
9962,0.44
9967,0.35
9973,0.61
9976,0.35
9978,0.63
9982,0.79
9987,0.66
9988,0.64
9989,0.39
9991,0.67
9992,0.72
9994,0.41
10000,0.0
10002,0.71
10005,0.32
10008,0.51
10009,0.35
10011,0.42
10021,0.31
10022,0.87
10053,0.21
10058,0.8
10066,0.49
10074,0.54
10076,0.65
10090,0.67
10092,0.65
10098,0.73
10099,0.21
10102,0.13
10103,0.17
10104,0.51
10106,0.62
10108,0.69
10113,0.93
10117,0.81
10119,0.45
10122,0.73
10125,0.41
10140,0.6
10147,0.2
10155,0.47
10159,0.36
10164,0.7
10175,0.58
10176,0.67
10178,0.63
10186,0.8
10200,0.29
10204,0.74
10206,0.72
10211,0.65
10212,0.37
10217,0.39
10218,0.53
10220,0.63
10230,0.55
10233,0.65
10234,0.4
10235,0.61
10239,0.45
10240,0.46
10242,0.31
10243,0.35
10245,0.55
10246,0.92
10247,0.86
10250,0.19
10254,0.67
10257,0.57
10260,0.47
10261,0.66
10265,0.14
10273,0.34
10274,0.38
10276,0.45
10277,0.61
10289,0.78
10290,0.28
10298,0.61
10301,0.5
10304,0.84
10305,0.26
10311,0.55
10313,0.71
10320,0.38
10323,0.41
10326,0.44
10328,0.45
10332,0.45
10336,0.8
10343,0.2
10348,0.52
10350,0.56
10351,0.25
10354,0.31
10365,0.55
10372,0.38
10373,0.7
10377,0.46
10380,0.37
10383,0.27
10396,0.84
10397,0.63
10399,0.51
10400,0.68
10401,0.45
10402,0.57
10403,0.75
10410,0.73
10412,0.36
10415,0.31
10424,0.48
10428,0.61
10432,0.42
10443,0.22
10462,0.66
10472,0.63
10477,0.2
10479,0.58
10482,0.41
10484,0.08
10490,0.53
10493,0.39
10495,0.67
10497,0.29
10516,0.38
10521,0.22
10522,0.61
10523,0.55
10528,0.46
10530,0.37
10532,0.2
10533,0.36
10535,0.7
10543,0.29
10547,0.31
10552,0.58
10558,0.61
10564,0.22
10566,0.48
10571,0.34
10572,0.53
10574,0.29
10583,0.81
10600,0.33
10607,0.27
10608,0.29
10614,0.22
10630,0.29
10634,0.41
10635,0.48
10641,0.89
10643,0.69
10644,0.38
10647,0.44
10648,0.77
10661,0.38
10669,0.56
10675,0.54
10686,0.58
10704,0.23
10707,0.6
10709,0.83
10710,0.45
10722,0.41
10736,0.81
10738,0.46
10764,0.43
10767,0.72
10776,0.42
10779,0.55
10780,0.72
10781,0.55
10792,0.77
10797,0.27
10798,0.32
10801,0.64
10802,0.27
10805,0.41
10808,0.44
10810,0.54
10816,0.21
10817,0.37
10818,0.39
10829,0.74
10843,0.61
10858,0.78
10866,0.38
10874,0.64
10876,0.45
10887,0.12
10890,0.26
10891,0.25
10896,0.34
10900,0.58
10905,0.54
10907,0.3
10914,0.28
10917,0.21
10936,0.59
10947,0.39
10948,0.72
10951,0.4
10955,0.35
10969,0.61
10984,0.55
10987,0.36
10990,0.51
10992,0.68
10996,0.36
10997,0.5
10999,0.33
11000,0.74
11001,0.55
11010,0.85
11016,0.79
11018,0.77
11024,0.28
11034,0.85
11039,0.45
11041,0.5
11047,0.37
11048,0.33
11053,0.53
11055,0.24
11056,0.64
11063,0.53
11065,0.56
11068,0.45
11070,0.44
11071,0.3
11072,0.41
11077,0.31
11079,0.8
11086,0.65
11091,0.67
11093,0.54
11094,0.42
11112,0.84
11113,0.79
11128,0.64
11135,0.28
11153,0.31
11154,0.1
11160,0.47
11163,0.37
11179,0.53
11181,0.47
11206,0.39
11207,0.71
11216,0.39
11221,0.47
11223,0.78
11228,0.75
11235,0.51
11237,0.29
11239,0.43
11244,0.62
11256,0.45
11267,0.51
11272,0.69
11281,0.47
11285,0.43
11288,0.69
11291,0.37
11293,0.44
11296,0.73
11297,0.46
11298,0.68
11299,0.4
11301,0.57
11304,0.65
11309,0.52
11313,0.41
11329,0.45
11331,0.42
11332,0.71
11337,0.56
11343,0.69
11347,0.24
11348,0.55
11355,0.86
11368,0.28
11369,0.46
11371,0.87
11378,0.61
11380,0.7
11384,0.47
11387,0.47
11392,0.57
11393,0.14
11399,0.69
11403,0.27
11404,0.04
11412,0.7
11423,0.84
11429,0.2
11430,0.73
11431,0.68
11432,0.42
11444,0.79
11450,0.68
11451,0.46
11476,0.6
11485,0.525
11488,0.43
11493,0.62
11495,0.75
11505,0.78
11508,0.76
11518,0.62
11522,0.24
11524,0.43
11533,0.68
11549,0.83
11551,0.54
11560,0.54
11563,0.52
11565,0.76
11567,0.41
11569,0.29
11589,0.31
11591,0.63
11598,0.58
11603,0.32
11604,0.35
11611,0.48
11617,0.78
11626,0.8
11627,0.52
11636,0.31
11642,0.46
11643,0.39
11648,0.44
11651,0.22
11663,0.25
11666,0.89
11685,0.41
11686,0.5
11698,0.19
11699,0.17
11700,0.47
11708,0.47
11710,0.64
11711,0.38
11713,0.15
11718,0.27
11724,0.67
11734,0.47
11736,0.21
11742,0.43
11761,0.57
11767,0.59
11768,0.52
11775,0.26
11779,0.76
11786,0.82
11790,0.33
11791,0.35
11796,0.0
11806,0.46
11808,0.64
11810,0.67
11811,0.38
11814,0.79
11816,0.35
11820,0.42
11822,0.67
11829,0.45
11832,0.36
11834,0.84
11836,0.26
11837,0.44
11844,0.41
11847,0.61
11862,0.62
11864,0.7
11865,0.45
11872,0.29
11873,0.67
11886,0.54
11894,0.37
11900,0.64
11901,0.72
11905,0.26
11906,0.18
11907,0.46
11912,0.7
11914,0.68
11915,0.44
11918,0.27
11924,0.41
11929,0.78
11930,0.54
11936,0.43
11937,0.48
11948,0.32
11954,0.49
11957,0.46
11964,0.6
11968,0.43
11972,0.64
11974,0.46
11976,0.4
11979,0.26
11981,0.77
11983,0.37
11989,0.17
11991,0.43
11998,0.59
12003,0.27
12007,0.39
12011,0.23
12014,0.19
12024,0.56
12033,0.54
12034,0.34
12041,0.65
12046,0.51
12051,0.71
12056,0.39
12064,0.43
12069,0.33
12070,0.13
12071,0.44
12072,0.54
12078,0.39
12091,0.55
12092,0.51
12094,0.37
12098,0.76
12103,0.5
12115,0.83
12118,0.84
12122,0.17
12125,0.75
12133,0.26
12135,0.61
12137,0.87
12141,0.44
12143,0.78
12144,0.78
12150,0.31
12154,0.48
12163,0.43
12164,0.44
12169,0.51
12170,0.47
12177,0.6
12193,0.25
12196,0.58
12197,0.32
12202,0.64
12206,0.55
12209,0.71
12214,0.4
12215,0.74
12218,0.7
12219,0.5
12221,0.77
12228,0.73
12233,0.21
12238,0.48
12242,0.67
12245,0.39
12247,0.56
12251,0.39
12287,0.41
12292,0.89
12303,0.26
12304,0.33
12311,0.49
12317,0.68
12318,0.51
12320,0.63
12323,0.53
12328,0.44
12333,0.82
12334,0.59
12335,0.52
12346,0.55
12352,0.81
12358,0.54
12364,0.51
12366,0.39
12376,0.48
12389,0.45
12396,0.66
12401,0.29
12402,0.77
12405,0.41
12406,0.4
12408,0.31
12410,0.65
12413,0.38
12417,0.44
12424,0.49
12425,0.22
12426,0.37
12430,0.34
12432,0.95
12433,0.45
12451,0.13
12457,0.63
12463,0.51
12465,0.69
12468,0.45
12474,0.5
12475,0.6
12476,0.76
12486,0.82
12487,0.56
12504,0.31
12514,0.41
12524,0.61
12526,0.31
12530,0.57
12532,0.25
12587,0.38
12593,0.43
12599,0.51
12600,0.42
12603,0.46
12604,0.38
12620,0.76
12624,0.82
12630,0.46
12638,0.6
12641,0.93
12643,0.73
12646,0.46
12656,0.49
12659,0.86
12666,0.47
12672,0.94
12673,0.85
12675,0.6
12678,0.36
12692,0.01
12693,0.73
12695,0.26
12700,0.23
12707,0.51
12711,0.78
12716,0.62
12717,0.86
12723,0.52
12735,0.55
12738,0.31
12742,0.58
12746,0.27
12753,0.84
12758,0.28
12760,0.22
12763,0.32
12764,0.55
12768,0.43
12772,0.45
12776,0.23
12777,0.46
12783,0.59
12801,0.35
12803,0.43
12804,0.59
12805,0.18
12817,0.63
12824,0.56
12839,0.31
12847,0.34
12850,0.91
12867,0.78
12875,0.64
12883,0.36
12885,0.66
12887,0.49
12890,0.48
12903,0.59
12906,0.48
12907,0.25
12909,0.53
12912,0.58
12914,0.5
12915,0.66
12930,0.23
12931,0.56
12934,0.38
12951,0.53
12955,0.33
12971,0.3
12972,0.28
12973,0.75
12986,0.53
12987,0.6
12988,0.48
12999,0.37
13015,0.35
13026,0.46
13036,0.51
13039,0.38
13040,0.44
13041,0.69
13043,0.95
13053,0.78
13057,0.38
13064,0.32
13066,0.38
13068,0.72
13069,0.44
13073,0.65
13079,0.83
13086,0.4
13089,0.35
13093,0.42
13097,0.61
13098,0.42
13105,0.51
13107,0.43
13108,0.74
13110,0.51
13112,0.63
13114,0.39
13118,0.25
13127,0.3
13129,0.61
13134,0.73
13142,0.85
13146,0.75
13149,0.79
13152,0.36
13157,0.29
13158,0.37
13159,0.66
13161,0.37
13162,0.56
13166,0.48
13168,0.53
13170,0.95
13186,0.33
13191,0.46
13194,0.46
13200,0.48
13203,0.32
13209,0.26
13212,0.43
13213,0.41
13218,0.66
13222,0.58
13229,0.55
13234,0.56
13257,0.71
13258,0.55
13268,0.48
13270,0.41
13291,0.41
13292,0.32
13299,0.48
13303,0.37
13306,0.18
13307,0.43
13309,0.21
13311,0.59
13312,0.64
13322,0.47
13323,0.61
13324,0.92
13330,0.56
13338,0.51
13344,0.41
13348,0.55
13355,0.4
13356,0.38
13359,0.88
13365,0.68
13368,0.33
13370,0.33
13371,0.46
13372,0.69
13377,0.68
13385,0.3
13389,0.44
13392,0.14
13393,0.83
13395,0.71
13399,0.64
13404,0.68
13410,0.64
13411,0.44
13413,0.46
13416,0.39
13434,0.39
13435,0.65
13445,0.45
13446,0.56
13451,0.62
13462,0.22
13464,0.43
13466,0.28
13471,0.42
13472,0.47
13477,0.82
13481,0.57
13484,0.31
13490,0.29
13492,0.47
13500,0.47
13508,0.53
13516,0.23
13525,0.2
13526,0.61
13530,0.4
13532,0.34
13538,0.43
13546,0.6
13548,0.48
13550,0.78
13551,0.48
13564,0.38
13566,0.79
13570,0.68
13580,0.49
13582,0.34
13585,0.5
13588,0.25
13592,0.84
13594,0.27
13609,0.64
13610,0.68
13612,0.73
13613,0.08
13625,0.38
13626,0.6
13629,0.87
13639,0.51
13645,0.75
13647,0.8
13648,0.53
13652,0.75
13654,0.7
13664,0.62
13673,0.5
13680,0.74
13684,0.48
13690,0.23
13693,0.45
13696,0.37
13700,0.58
13701,0.4
13703,0.7
13707,0.63
13711,0.47
13713,0.56
13714,0.59
13716,0.39
13720,0.45
13725,0.44
13727,0.36
13733,0.18
13738,0.58
13743,0.74
13756,0.63
13757,0.57
13759,0.71
13761,0.66
13767,0.375
13782,0.31
13786,0.65
13787,0.7
13792,0.59
13795,0.48
13798,0.65
13807,0.22
13809,0.3
13811,0.7
13815,0.44
13817,0.56
13818,0.58
13822,0.29
13824,0.73
13829,0.4
13832,0.58
13840,0.5
13841,0.4
13851,0.19
13868,0.42
13871,0.73
13878,0.29
13880,0.41
13888,0.49
13890,0.48
13891,0.26
13895,0.3
13907,0.46
13910,0.75
13912,0.35
13913,0.74
13920,0.66
13923,0.34
13927,0.39
13929,0.29
13935,0.63
13936,0.42
13939,0.55
13946,0.73
13950,0.46
13951,0.21
13954,0.34
13956,0.47
13958,0.71
13969,0.68
13980,0.3
13981,0.65
13986,0.16
13987,0.37
13989,0.66
13992,0.34
13994,0.8
14001,0.47
14002,0.47
14004,0.22
14005,0.4
14006,0.64
14012,0.54
14015,0.41
14021,0.22
14024,0.51
14045,0.33
14047,0.51
14057,0.3
14059,0.1
14060,0.34
14066,0.68
14068,0.61
14070,0.52
14074,0.62
14076,0.57
14089,0.45
14101,0.72
14113,0.62
14115,0.26
14116,0.52
14120,0.2
14128,0.29
14131,0.64
14134,0.65
14136,0.51
14137,0.46
14138,0.31
14139,0.93
14152,0.53
14153,0.79
14155,0.39
14156,0.5
14159,0.32
14164,0.29
14165,0.7
14171,0.3
14174,0.45
14175,0.31
14181,0.6
14186,0.65
14189,0.7
14191,0.53
14192,0.32
14201,0.58
14206,0.36
14210,0.94
14214,0.46
14221,0.8
14222,0.74
14230,0.68
14231,0.6
14236,0.65
14241,0.89
14245,0.36
14249,0.32
14251,0.36
14262,0.59
14263,0.35
14265,0.37
14267,0.25
14270,0.78
14276,0.59
14279,0.25
14281,0.19
14285,0.64
14289,0.65
14290,0.52
14293,0.67
14295,0.48
14296,0.54
14297,0.73
14298,0.36
14310,0.52
14312,0.54
14313,0.47
14315,0.68
14318,0.68
14319,0.38
14322,0.46
14325,0.67
14331,0.4
14334,0.47
14341,0.44
14343,0.25
14344,0.57
14345,0.34
14346,0.46
14347,0.54
14349,0.57
14352,0.46
14358,0.25
14361,0.73
14363,0.31
14364,0.23
14366,0.32
14374,0.37
14376,0.57
14381,0.47
14387,0.4
14398,0.39
14410,0.34
14412,0.85
14415,0.8
14422,0.53
14423,0.67
14425,0.65
14436,0.42
14442,0.63
14444,0.3
14455,0.85
14465,0.38
14469,0.9
14471,0.58
14475,0.36
14479,0.2
14480,0.42
14488,0.18
14491,0.84
14499,0.8
14501,0.61
14516,0.41
14520,0.51
14522,0.21
14523,0.62
14526,0.43
14537,0.26
14538,0.63
14550,0.46
14560,0.71
14561,0.4
14562,0.76
14575,0.69
14586,0.43
14592,0.78
14601,0.54
14602,0.75
14604,0.22
14606,0.42
14613,0.65
14627,0.33
14641,0.6
14652,0.45
14662,0.49
14665,0.54
14673,0.39
14675,0.29
14679,0.51
14683,0.52
14686,0.37
14695,0.44
14705,0.5
14708,0.42
14709,0.42
14710,0.35
14715,0.38
14717,0.52
14723,0.46
14725,0.56
14727,0.65
14728,0.42
14733,0.61
14735,0.52
14743,0.32
14746,0.55
14752,0.64
14757,0.55
14759,0.74
14762,0.34
14763,0.22
14774,0.35
14777,0.65
14778,0.44
14789,0.29
14797,0.36
14798,0.56
14811,0.57
14812,0.59
14818,0.56
14825,0.09
14827,0.57
14829,0.57
14830,0.65
14837,0.58
14839,0.4
14849,0.85
14863,0.43
14869,0.35
14882,0.36
14884,0.26
14886,0.31
14888,0.61
14890,0.23
14904,0.36
14938,0.83
14952,0.39
14958,0.77
14960,0.61
14963,0.35
14972,0.54
14979,0.49
14980,0.34
14986,0.5
14988,0.47
15003,0.45
15006,0.7
15009,0.8
15015,0.23
15024,0.31
15026,0.52
15030,0.54
15036,0.73
15038,0.64
15039,0.7
15047,0.85
15049,0.55
15056,0.8
15060,0.21
15068,0.38
15070,0.38
15073,0.45
15081,0.64
15084,0.4
15088,0.63
15092,0.445
15095,0.7
15097,0.49
15098,0.41
15115,0.47
15120,0.84
15126,0.31
15133,0.31
15143,0.4
15156,0.65
15163,0.59
15164,0.42
15178,0.52
15198,0.76
15200,0.41
15204,0.46
15206,0.69
15208,0.0
15214,0.43
15218,0.33
15231,0.52
15238,0.49
15239,0.23
15240,0.53
15249,0.37
15256,0.47
15260,0.61
15290,0.85
15296,0.51
15298,0.51
15299,0.74
15307,0.7
15308,0.7
15309,0.54
15321,0.66
15323,0.46
15325,0.44
15335,0.52
15342,0.57
15346,0.42
15349,0.62
15354,0.44
15362,0.61
15372,0.62
15379,0.59
15383,0.39
15394,0.2
15399,0.46
15401,0.41
15405,0.38
15407,0.35
15412,0.52
15413,0.5
15415,0.52
15417,0.71
15427,0.66
15430,0.76
15436,0.41
15438,0.25
15439,0.28
15443,0.62
15444,0.38
15445,0.88
15446,0.47
15450,0.3
15456,0.65
15465,0.41
15466,0.48
15468,0.55
15470,0.44
15474,0.8
15476,0.57
15482,0.69
15492,0.87
15498,0.48
15510,0.3
15519,0.3
15523,0.38
15535,0.61
15548,0.84
15561,0.61
15563,0.28
15564,0.39
15566,0.39
15579,0.36
15580,0.57
15581,0.35
15587,0.52
15589,0.63
15591,0.27
15597,0.2
15615,0.37
15620,0.52
15627,0.47
15633,0.87
15636,0.44
15653,0.55
15654,0.72
15662,0.59
15664,0.46
15666,0.67
15667,0.56
15674,0.41
15692,0.41
15700,0.17
15715,0.65
15722,0.88
15736,0.73
15744,0.35
15746,0.25
15758,0.52
15760,0.56
15762,0.1
15766,0.47
15767,0.39
15770,0.48
15788,0.52
15789,0.83
15810,0.63
15818,0.48
15819,0.39
15820,0.4
15830,0.57
15844,0.29
15850,0.35
15857,0.34
15863,0.84
15868,0.38
15869,0.32
15872,0.1
15873,0.58
15876,0.37
15878,0.4
15883,0.35
15884,0.58
15885,0.5
15886,0.57
15891,0.65
15894,0.41
15898,0.38
15900,0.15
15912,0.32
15931,0.49
15932,0.29
15937,0.51
15940,0.44
15944,0.37
15945,0.36
15949,0.51
15960,0.26
15963,0.58
15970,0.31
15977,0.75
15982,0.21
15985,0.28
15995,0.32
16004,0.58
16005,0.72
16006,0.19
16011,0.45
16019,0.83
16021,0.62
16034,0.5
16051,0.6
16060,0.54
16065,0.84
16066,0.62
16070,0.77
16076,0.76
16091,0.44
16094,0.5
16101,0.39
16104,0.55
16113,0.69
16114,0.51
16115,0.72
16127,0.55
16128,0.57
16137,0.63
16138,0.4
16139,0.98
16142,0.51
16144,0.55
16148,0.5
16151,0.37
16154,0.75
16156,0.33
16165,0.61
16166,0.23
16168,0.21
16179,0.69
16193,0.47
16196,0.21
16198,0.49
16210,0.62
16228,0.78
16232,0.65
16237,0.61
16240,0.56
16252,0.72
16259,0.65
16262,0.84
16263,0.57
16270,0.61
16272,0.53
16276,0.41
16290,0.52
16295,0.52
16297,0.48
16299,0.37
16300,0.37
16302,0.64
16303,0.62
16305,0.21
16309,0.53
16312,0.36
16316,0.51
16320,0.3
16326,0.51
16327,0.19
16338,0.28
16342,0.38
16346,0.32
16348,0.37
16355,0.29
16356,0.56
16378,0.77
16382,0.57
16391,0.45
16392,0.6
16395,0.81
16399,0.31
16403,0.5
16408,0.31
16413,0.6
16415,0.49
16417,0.61
16420,0.42
16431,0.65
16439,0.36
16441,0.57
16444,0.54
16446,0.35
16451,0.48
16454,0.39
16456,0.29
16458,0.62
16461,0.4
16462,0.36
16469,0.43
16479,0.66
16484,0.38
16486,0.55
16487,0.31
16491,0.55
16494,0.39
16507,0.85
16508,0.4
16519,0.7
16523,0.37
16526,0.51
16530,0.25
16532,0.49
16535,0.51
16542,0.6
16550,0.64
16555,0.39
16556,0.34
16558,0.3
16567,0.66
16576,0.4
16579,0.57
16580,0.39
16595,0.65
16598,0.36
16600,0.37
16604,0.84
16605,0.38
16607,0.24
16610,0.18
16612,0.72
16617,0.47
16625,0.86
16632,0.69
16634,0.5
16650,0.24
16652,0.57
16654,0.57
16655,0.37
16656,0.74
16657,0.28
16660,0.44
16661,0.74
16662,0.77
16667,0.75
16669,0.69
16673,0.48
16675,0.45
16676,0.46
16678,0.52
16679,0.45
16693,0.17
16701,0.51
16709,0.79
16715,0.6
16722,0.54
16724,0.28
16727,0.41
16735,0.51
16741,0.44
16747,0.43
16752,0.39
16758,0.72
16765,0.5
16771,0.23
16785,0.46
16793,0.45
16800,0.64
16805,0.71
16809,0.18
16818,0.43
16820,0.23
16827,0.51
16830,0.52
16843,0.84
16847,0.56
16855,0.73
16860,0.6
16862,0.66
16863,0.3
16869,0.74
16872,0.38
16874,0.25
16876,0.38
16883,0.5
16893,0.36
16895,0.48
16914,0.86
16917,0.58
16926,0.23
16930,0.25
16931,0.36
16932,0.41
16934,0.55
16937,0.24
16941,0.43
16942,0.77
16957,0.58
16962,0.5
16963,0.43
16967,0.43
16968,0.65
16972,0.43
16974,0.21
16984,0.45
16987,0.6
16994,0.46
16995,0.52
16999,0.11
17000,0.61
17004,0.64
17006,0.67
17034,0.59
17038,0.35
17040,0.28
17050,0.49
17055,0.3
17059,0.76
17066,0.64
17068,0.29
17077,0.31
17079,0.6
17082,0.31
17085,0.59
17087,0.22
17099,0.7
17105,0.42
17108,0.35
17110,0.68
17111,0.6
17116,0.81
17123,0.77
17124,0.3
17130,0.51
17132,0.72
17138,0.31
17143,0.88
17157,0.62
17160,0.45
17166,0.25
17167,0.44
17170,0.43
17179,0.66
17180,0.54
17184,0.33
17189,0.3
17197,0.93
17212,0.5
17219,0.39
17223,0.58
17225,0.65
17229,0.5
17234,0.4
17235,0.65
17239,0.67
17242,0.27
17243,0.4
17246,0.82
17247,0.54
17255,0.55
17258,0.81
17260,0.38
17264,0.33
17270,0.59
17271,0.67
17272,0.39
17285,0.54
17294,0.48
17297,0.65
17298,0.48
17299,0.41
17302,0.63
17306,0.6
17313,0.44
17315,0.5
17324,0.56
17326,0.37
17327,0.26
17330,0.38
17339,0.53
17345,0.25
17350,0.4
17351,0.43
17352,0.43
17371,0.53
17372,0.4
17381,0.69
17385,0.46
17388,0.38
17390,0.47
17392,0.48
17399,0.5
17404,0.3
17407,0.66
17408,0.64
17416,0.48
17418,0.31
17423,0.37
17434,0.72
17438,0.76
17443,0.78
17444,0.67
17447,0.38
17453,0.75
17454,0.38
17460,0.37
17467,0.67
17480,0.33
17488,0.53
17490,0.43
17493,0.43
17498,0.21
17503,0.48
17513,0.57
17517,0.33
17520,0.63
17525,0.47
17533,0.51
17534,0.23
17545,0.74
17553,0.68
17554,0.47
17557,0.17
17563,0.74
17564,0.47
17566,0.38
17576,0.3
17577,0.56
17580,0.41
17582,0.22
17596,0.5
17597,0.42
17602,0.48
17614,0.35
17623,0.44
17624,0.4
17627,0.59
17628,0.27
17630,0.55
17634,0.75
17639,0.42
17640,0.57
17652,0.61
17657,0.64
17661,0.52
17662,0.21
17666,0.22
17678,0.51
17680,0.31
17682,0.38
17687,0.35
17688,0.75
17693,0.5
17696,0.56
17703,0.4
17705,0.29
17711,0.34
17715,0.24
17717,0.42
17721,0.34
17727,0.36
17728,0.27
17737,0.38
17745,0.3
17755,0.45
17764,0.68
17768,0.35
17774,0.41
17777,0.49
17785,0.44
17786,0.32
17789,0.44
17793,0.24
17799,0.52
17802,0.19
17810,0.34
17813,0.18
17819,0.65
17825,0.73
17828,0.46
17833,0.32
17841,0.61
17842,0.6
17844,0.72
17849,0.36
17850,0.79
17855,0.6
17857,0.42
17861,0.47
17862,0.57
17863,0.51
17868,0.48
17876,0.71
17882,0.35
17885,0.44
17893,0.46
17894,0.3
17902,0.58
17903,0.44
17906,0.8
17907,0.74
17911,0.8
17917,0.55
17921,0.48
17932,0.26
17941,0.52
17945,0.38
17949,0.76
17954,0.45
17957,0.52
17958,0.58
17960,0.44
17967,0.76
17975,0.6
17985,0.62
18000,0.68
18002,0.46
18008,0.14
18014,0.46
18015,0.61
18019,0.47
18021,0.54
18022,0.47
18026,0.62
18029,0.62
18030,0.55
18034,0.58
18035,0.57
18036,0.56
18039,0.58
18053,0.44
18066,0.45
18075,0.66
18076,0.27
18079,0.59
18089,0.46
18104,0.58
18110,0.45
18119,0.45
18123,0.67
18124,0.63
18129,0.49
18131,0.37
18133,0.41
18136,0.38
18148,0.58
18152,0.2
18167,0.24
18177,0.4
18178,0.44
18183,0.35
18194,0.39
18197,0.85
18199,0.48
18213,0.36
18214,0.21
18221,0.47
18227,0.48
18235,0.63
18239,0.63
18245,0.43
18248,0.41
18265,0.73
18266,0.69
18267,0.61
18274,0.13
18279,0.64
18283,0.74
18291,0.32
18297,0.41
18302,0.62
18303,0.51
18315,0.28
18324,0.36
18326,0.44
18334,0.58
18336,0.62
18344,0.39
18346,0.53
18347,0.43
18350,0.39
18352,0.33
18353,0.35
18364,0.32
18366,0.23
18373,0.3
18389,0.37
18391,0.39
18393,0.44
18395,0.33
18400,0.26
18405,0.16
18408,0.2
18421,0.42
18425,0.47
18443,0.35
18444,0.37
18451,0.58
18456,0.5
18458,0.75
18460,0.39
18461,0.51
18467,0.68
18468,0.46
18475,0.66
18481,0.75
18485,0.24
18494,0.64
18495,0.73
18508,0.26
18519,0.35
18522,0.26
18530,0.49
18533,0.38
18537,0.37
18542,0.49
18547,0.27
18548,0.36
18553,0.28
18560,0.27
18561,0.34
18565,0.73
18572,0.52
18585,0.51
18593,0.6
18597,0.66
18600,0.52
18601,0.47
18620,0.5
18621,0.46
18625,0.73
18629,0.76
18637,0.29
18649,0.45
18653,0.64
18660,0.53
18671,0.44
18672,0.23
18677,0.51
18681,0.67
18684,0.59
18685,0.57
18686,0.62
18687,0.47
18689,0.32
18690,0.54
18709,0.31
18716,0.66
18723,0.31
18733,0.46
18747,0.49
18759,0.72
18773,0.73
18782,0.54
18797,0.84
18810,0.26
18817,0.53
18820,0.67
18823,0.49
18825,0.42
18836,0.09
18837,0.54
18850,0.24
18857,0.27
18861,0.58
18867,0.52
18870,0.69
18877,0.89
18887,0.65
18888,0.81
18898,0.42
18900,0.81
18914,0.69
18921,0.54
18922,0.28
18926,0.27
18937,0.41
18945,0.71
18947,0.64
18949,0.55
18953,0.23
18954,0.65
18957,0.83
18960,0.64
18965,0.49
18973,0.12
18983,0.58
18990,0.44
18991,0.37
18993,0.55
18995,0.5
18996,0.56
18998,0.52
19003,0.24
19010,0.8
19014,0.67
19015,0.7
19019,0.21
19028,0.68
19036,0.54
19038,0.75
19040,0.64
19046,0.27
19051,0.52
19054,0.76
19056,0.56
19070,0.14
19074,0.45
19078,0.62
19079,0.28
19083,0.54
19085,0.59
19088,0.15
19099,0.78
19124,0.58
19127,0.54
19134,0.52
19141,0.43
19146,0.52
19150,0.41
19159,0.47
19165,0.29
19169,0.36
19170,0.22
19176,0.43
19187,0.42
19189,0.33
19192,0.31
19202,0.46
19208,0.5
19209,0.47
19210,0.67
19216,0.65
19217,0.59
19218,0.46
19223,0.69
19224,0.66
19225,0.23
19228,0.47
19240,0.55
19246,0.6
19266,0.36
19269,0.4
19274,0.51
19275,0.62
19287,0.52
19298,0.52
19303,0.29
19306,0.56
19313,0.31
19325,0.39
19326,0.48
19328,0.3
19330,0.34
19339,0.37
19340,0.56
19342,0.6
19343,0.13
19344,0.53
19348,0.68
19350,0.5
19357,0.37
19361,0.76
19363,0.57
19364,0.46
19371,0.17
19376,0.55
19377,0.61
19381,0.5
19384,0.57
19390,0.83
19402,0.34
19405,0.44
19409,0.57
19418,0.56
19429,0.83
19433,0.51
19446,0.39
19458,0.6
19460,0.32
19462,0.47
19465,0.2
19471,0.43
19472,0.73
19478,0.64
19480,0.61
19487,0.28
19495,0.61
19497,0.61
19500,0.59
19503,0.53
19507,0.45
19517,0.27
19533,0.54
19537,0.65
19541,0.65
19561,0.65
19563,0.4
19566,0.56
19568,0.72
19576,0.3
19577,0.38
19578,0.26
19591,0.53
19597,0.74
19619,0.33
19622,0.78
19623,0.62
19624,0.47
19627,0.56
19629,0.67
19633,0.34
19639,0.33
19641,0.62
19643,0.41
19646,0.56
19649,0.43
19652,0.74
19657,0.49
19659,0.43
19660,0.58
19668,0.48
19678,0.31
19686,0.37
19690,0.57
19694,0.5
19695,0.21
19701,0.39
19702,0.36
19712,0.79
19720,0.72
19730,0.5
19731,0.67
19735,0.39
19739,0.54
19740,0.79
19743,0.28
19750,0.52
19752,0.37
19754,0.27
19762,0.8
19770,0.48
19775,0.47
19777,0.59
19782,0.59
19783,0.43
19786,0.57
19805,0.38
19808,0.71
19810,0.41
19819,0.62
19821,0.45
19827,0.42
19830,0.54
19832,0.59
19833,0.36
19834,0.43
19843,0.54
19844,0.3
19846,0.61
19847,0.59
19849,0.26
19850,0.71
19851,0.47
19861,0.58
19864,0.4
19866,0.57
19873,0.77
19878,0.15
19886,0.48
19892,0.51
19893,0.6
19901,0.56
19902,0.41
19920,0.47
19921,0.59
19922,0.39
19929,0.75
19932,0.88
19935,0.46
19936,0.58
19940,0.41
19946,0.42
19950,0.75
19952,0.28
19955,0.56
19970,0.75
19976,0.31
19983,0.17
19984,0.53
19987,0.25
19991,0.7
19994,0.57
19996,0.61
20007,0.47
20015,0.46
20019,0.33
20021,0.64
20023,0.36
20025,0.42
20034,0.64
20036,0.37
20038,0.38
20039,0.46
20040,0.22
20045,0.91
20046,0.52
20048,0.33
20060,0.92
20062,0.52
20065,0.48
20068,0.24
20074,0.55
20087,0.57
20097,0.47
20111,0.42
20117,0.28
20125,0.42
20129,0.46
20134,0.44
20135,0.12
20139,0.59
20142,0.69
20147,0.39
20154,0.72
20157,0.64
20158,0.21
20162,0.45
20169,0.22
20179,0.44
20202,0.47
20207,0.71
20215,0.35
20216,0.79
20217,0.71
20218,0.61
20219,0.51
20226,0.23
20236,0.65
20239,0.33
20246,0.36
20247,0.69
20253,0.52
20255,0.57
20268,0.56
20270,0.84
20271,0.58
20279,0.68
20280,0.46
20282,0.58
20283,0.57
20295,0.54
20302,0.58
20305,0.79
20306,0.65
20308,0.26
20309,0.55
20311,0.55
20324,0.46
20330,0.47
20335,0.79
20344,0.36
20349,0.7
20356,0.12
20358,0.72
20360,0.5
20362,0.825
20378,0.44
20391,0.76
20394,0.36
20397,0.8
20403,0.67
20405,0.47
20415,0.35
20417,0.62
20420,0.43
20425,0.34
20430,0.73
20435,0.45
20443,0.57
20446,0.53
20458,0.37
20459,0.61
20462,0.53
20467,0.75
20470,0.85
20482,0.75
20489,0.61
20495,0.27
20496,0.59
20497,0.69
20505,0.84
20509,0.86
20520,0.39
20522,0.35
20535,0.65
20539,0.78
20544,0.69
20547,0.42
20554,0.34
20556,0.43
20557,0.71
20566,0.59
20568,0.82
20575,0.47
20577,0.29
20593,0.84
20596,0.51
20597,0.52
20602,0.44
20603,0.7
20609,0.45
20612,0.39
20618,0.33
20621,0.4
20628,0.07
20634,0.91
20637,0.69
20641,0.27
20642,0.44
20647,0.46
20655,0.32
20656,0.56
20661,0.28
20664,0.77
20674,0.71
20679,0.31
20680,0.16
20683,0.74
20687,0.55
20688,0.48
20693,0.38
20695,0.47
20696,0.59
20699,0.55
20701,0.46
20702,0.58
20704,0.09
20721,0.47
20725,0.37
20731,0.51
20737,0.32
20741,0.14
20742,0.34
20753,0.64
20756,0.41
20769,0.75
20771,0.26
20774,0.32
20777,0.67
20781,0.58
20792,0.13
20797,0.62
20808,0.32
20810,0.35
20813,0.23
20820,0.39
20823,0.74
20826,0.36
20829,0.49
20832,0.25
20833,0.48
20837,0.42
20838,0.56
20839,0.22
20840,0.22
20847,0.24
20856,0.75
20861,0.5
20863,0.24
20869,0.49
20875,0.31
20877,0.83
20889,0.51
20894,0.69
20901,0.62
20919,0.39
20923,0.47
20935,0.64
20937,0.46
20939,0.71
20940,0.41
20943,0.41
20946,0.45
20949,0.53
20950,0.53
20958,0.87
20961,0.86
20965,0.45
20967,0.86
20969,0.37
20970,0.48
20974,0.21
20975,0.53
20987,0.57
20995,0.63
20996,0.48
20998,0.7
21002,0.26
21012,0.69
21013,0.7
21014,0.74
21015,0.41
21017,0.37
21020,0.14
21028,0.45
21031,0.27
21036,0.38
21039,0.18
21040,0.12
21048,0.75
21049,0.25
21051,0.36
21054,0.16
21061,0.42
21070,0.36
21072,0.65
21079,0.52
21088,0.41
21090,0.62
21091,0.26
21093,0.25
21104,0.51
21114,0.44
21117,0.52
21120,0.53
21121,0.45
21132,0.55
21136,0.23
21139,0.58
21140,0.54
21146,0.13
21150,0.23
21164,0.33
21177,0.63
21178,0.75
21180,0.92
21198,0.33
21203,0.64
21210,0.42
21217,0.75
21218,0.38
21220,0.24
21222,0.09
21228,0.7
21236,0.47
21239,0.35
21247,0.4
21260,0.45
21265,0.38
21267,0.57
21271,0.26
21279,0.5
21286,0.51
21288,0.61
21294,0.72
21298,0.18
21299,0.65
21300,0.67
21304,0.42
21306,0.32
21307,0.57
21309,0.19
21311,0.4
21326,0.47
21331,0.41
21332,0.83
21342,0.55
21345,0.54
21348,0.5
21353,0.31
21357,0.43
21358,0.29
21369,0.36
21370,0.62
21371,0.63
21373,0.48
21385,0.39
21392,0.31
21401,0.69
21403,0.45
21406,0.75
21413,0.91
21414,0.9
21416,0.83
21423,0.53
21427,0.44
21442,0.61
21443,0.35
21448,0.71
21452,0.67
21459,0.24
21463,0.27
21467,0.3
21474,0.43
21484,0.56
21488,0.46
21495,0.48
21498,0.4
21502,0.54
21503,0.38
21510,0.56
21513,0.45
21516,0.71
21533,0.57
21535,0.35
21539,0.69
21541,0.71
21544,0.54
21554,0.66
21562,0.47
21569,0.53
21572,0.49
21578,0.64
21579,0.34
21580,0.43
21584,0.57
21589,0.77
21594,0.53
21595,0.48
21598,0.42
21599,0.41
21606,0.48
21623,0.25
21630,0.68
21639,0.3
21641,0.54
21645,0.35
21647,0.19
21648,0.28
21657,0.42
21671,0.49
21673,0.5
21677,0.46
21678,0.21
21688,0.27
21696,0.37
21699,0.67
21700,0.16
21703,0.23
21710,0.42
21721,0.37
21727,0.31
21728,0.62
21731,0.33
21741,0.18
21743,0.27
21744,0.51
21748,0.31
21750,0.15
21753,0.16
21756,0.49
21763,0.31
21767,0.81
21768,0.19
21772,0.64
21774,0.27
21775,0.48
21780,0.46
21786,0.27
21787,0.52
21805,0.11
21828,0.48
21831,0.49
21837,0.51
21842,0.35
21846,0.54
21849,0.16
21856,0.53
21858,0.2
21862,0.22
21864,0.49
21867,0.25
21879,0.57
21881,0.37
21883,0.32
21885,0.34
21891,0.38
21892,0.45
21902,0.33
21909,0.34
21910,0.29
21914,0.51
21918,0.21
21919,0.33
21922,0.56
21926,0.34
21930,0.32
21931,0.6
21934,0.47
21940,0.51
21945,0.72
21948,0.39
21953,0.57
21954,0.56
21956,0.15
21963,0.61
21970,0.38
21971,0.81
21981,0.55
21984,0.71
21990,0.55
21997,0.72
21999,0.33
22001,0.36
22002,0.52
22010,0.35
22013,0.36
22022,0.36
22024,0.54
22028,0.43
22029,0.49
22042,0.41
22045,0.34
22049,0.45
22050,0.44
22059,0.62
22064,0.73
22067,0.34
22069,0.22
22074,0.3
22082,0.4
22084,0.29
22090,0.78
22096,0.53
22100,0.4
22105,0.43
22106,0.48
22119,0.34
22126,0.46
22130,0.4
22152,0.43
22155,0.5
22160,0.74
22164,0.41
22170,0.29
22173,0.37
22177,0.22
22186,0.52
22193,0.26
22194,0.17
22195,0.19
22198,0.13
22199,0.39
22206,0.39
22208,0.12
22209,0.28
22210,0.62
22217,0.77
22220,0.52
22222,0.37
22232,0.18
22244,0.17
22245,0.37
22250,0.66
22256,0.51
22261,0.92
22264,0.36
22270,0.34
22279,0.48
22280,0.42
22284,0.3
22288,0.19
22293,0.67
22297,0.95
22302,0.28
22307,0.63
22310,0.44
22316,0.16
22319,0.3
22324,0.19
22326,0.36
22327,0.35
22329,0.3
22331,0.17
22340,0.56
22342,0.48
22347,0.21
22351,0.38
22357,0.24
22358,0.2
22361,0.21
22362,0.78
22365,0.54
22371,0.56
22373,0.62
22391,0.57
22404,0.76
22409,0.56
22411,0.4
22424,0.58
22428,0.15
22436,0.17
22444,0.57
22445,0.13
22451,0.45
22452,0.21
22456,0.32
22463,0.39
22464,0.63
22467,0.59
22472,0.55
22485,0.56
22488,0.43
22491,0.34
22497,0.43
22504,0.61
22505,0.32
22508,0.41
22516,0.19
22522,0.31
22527,0.35
22543,0.36
22549,0.22
22550,0.56
22551,0.28
22557,0.61
22562,0.26
22565,0.43
22567,0.61
22572,0.35
22575,0.13
22578,0.39
22579,0.47
22580,0.62
22581,0.18
22591,0.28
22593,0.32
22597,0.16
22600,0.81
22602,0.29
22603,0.33
22616,0.64
22617,0.41
22622,0.22
22623,0.62
22624,0.67
22628,0.36
22634,0.78
22640,0.4
22641,0.25
22653,0.48
22660,0.37
22672,0.13
22674,0.42
22689,0.34
22694,0.91
22698,0.48
22705,0.36
22709,0.69
22711,0.38
22714,0.62
22715,0.32
22729,0.49
22730,0.18
22733,0.44
22748,0.24
22750,0.48
22754,0.53
22756,0.47
22758,0.37
22767,0.67
22768,0.14
22769,0.55
22776,0.5
22778,0.3
22780,0.27
22782,0.29
22789,0.19
22797,0.22
22799,0.49
22804,0.15
22814,0.52
22818,0.7
22821,0.34
22823,0.35
22831,0.48
22841,0.49
22847,0.37
22848,0.46
22860,0.41
22862,0.24
22869,0.3
22875,0.39
22877,0.49
22887,0.58
22892,0.54
22899,0.51
22900,0.65
22901,0.24
22907,0.42
22909,0.74
22916,0.72
22919,0.41
22922,0.32
22926,0.31
22927,0.24
22928,0.33
22930,0.41
22931,0.43
22934,0.51
22937,0.49
22939,0.53
22949,0.55
22951,0.7
22955,0.54
22956,0.61
22965,0.33
22966,0.49
22968,0.7
22972,0.17
22975,0.48
22978,0.31
22981,0.51
22988,0.7
22994,0.31
22996,0.71
22997,0.49
23003,0.65
23011,0.45
23016,0.41
23028,0.72
23029,0.57
23031,0.42
23035,0.38
23038,0.58
23042,0.8
23049,0.54
23051,0.29
23053,0.39
23057,0.46
23058,0.65
23063,0.35
23064,0.33
23067,0.61
23071,0.5
23075,0.54
23077,0.22
23082,0.39
23090,0.47
23091,0.29
23094,0.71
23097,0.57
23103,0.56
23107,0.52
23117,0.63
23120,0.94
23122,0.44
23124,0.5
23126,0.83
23129,0.55
23136,0.8
23141,0.48
23142,0.36
23147,0.61
23154,0.62
23159,0.36
23162,0.44
23165,0.81
23171,0.68
23173,0.15
23175,0.56
23179,0.63
23182,0.62
23185,0.51
23188,0.25
23189,0.27
23191,0.58
23209,0.26
23214,0.49
23215,0.32
23221,0.37
23228,0.54
23233,0.46
23241,0.6
23252,0.59
23255,0.7
23257,0.62
23263,0.52
23267,0.74
23281,0.35
23282,0.7
23289,0.37
23292,0.44
23295,0.63
23296,0.32
23297,0.34
23301,0.29
23302,0.67
23304,0.34
23309,0.26
23312,0.59
23316,0.3
23321,0.73
23334,0.86
23342,0.41
23344,0.44
23350,0.41
23351,0.5
23367,0.38
23368,0.28
23374,0.59
23378,0.33
23385,0.3
23387,0.34
23388,0.48
23389,0.23
23399,0.52
23403,0.42
23406,0.83
23408,0.67
23414,0.42
23415,0.25
23419,0.59
23436,0.35
23439,0.84
23444,0.81
23445,0.51
23448,0.51
23450,0.46
23455,0.5
23469,0.35
23472,0.18
23477,0.31
23478,0.66
23479,0.26
23481,0.67
23487,0.38
23490,0.33
23491,0.58
23492,0.54
23494,0.51
23496,0.74
23497,0.49
23506,0.36
23515,0.65
23528,0.38
23532,0.36
23548,0.45
23549,0.22
23551,0.53
23552,0.49
23555,0.36
23556,0.51
23559,0.53
23564,0.82
23583,0.26
23592,0.62
23597,0.21
23601,0.54
23605,0.56
23615,0.61
23616,0.52
23619,0.5
23621,0.87
23622,0.65
23626,0.8
23635,0.57
23637,0.45
23640,0.3
23644,0.53
23646,0.35
23655,0.35
23672,0.32
23673,0.39
23682,0.61
23683,0.72
23699,0.6
23702,0.58
23704,0.86
23706,0.68
23707,0.56
23713,0.32
23714,0.67
23716,0.75
23718,0.64
23721,0.65
23727,0.36
23735,0.27
23737,0.35
23744,0.44
23749,0.52
23755,0.6
23769,0.77
23772,0.46
23773,0.22
23774,0.87
23779,0.28
23780,0.7
23782,0.77
23793,0.94
23795,0.33
23797,0.83
23803,0.7
23815,0.82
23828,0.76
23830,0.79
23831,0.26
23833,0.77
23834,0.39
23844,0.5
23845,0.85
23852,0.62
23855,0.73
23857,0.53
23867,0.24
23872,0.87
23874,0.71
23880,0.36
23883,0.96
23886,0.42
23898,0.39
23900,0.52
23903,0.5
23904,0.21
23907,0.42
23908,0.78
23912,0.56
23916,0.49
23917,0.74
23918,0.49
23922,0.37
23928,0.47
23940,0.72
23944,0.41
23945,0.78
23947,0.55
23951,0.26
23956,0.27
23962,0.46
23966,0.34
23970,0.45
23971,0.34
23976,0.68
23980,0.4
23987,0.85
23988,0.63
23993,0.21
23997,0.48
23998,0.47
23999,0.73
24010,0.63
24015,0.68
24023,0.25
24026,0.28
24027,0.64
24033,0.43
24046,0.28
24060,0.3
24062,0.32
24065,0.73
24067,0.32
24070,0.73
24071,0.39
24073,0.41
24079,0.33
24082,0.73
24084,0.28
24089,0.39
24094,0.36
24096,0.25
24100,0.5
24105,0.44
24106,0.32
24108,0.68
24111,0.71
24117,0.84
24120,0.42
24125,0.47
24134,0.73
24140,0.44
24151,0.44
24153,0.48
24154,0.76
24156,0.61
24161,0.37
24162,0.58
24165,0.33
24166,0.3
24170,0.41
24173,0.51
24176,0.25
24181,0.42
24182,0.87
24187,0.53
24188,0.49
24190,0.45
24201,0.71
24211,0.39
24215,0.68
24216,0.59
24219,0.28
24221,0.66
24222,0.57
24238,0.13
24240,0.83
24243,0.61
24245,0.74
24247,0.74
24251,0.29
24256,0.58
24258,0.27
24261,0.47
24263,0.52
24264,0.68
24266,0.51
24273,0.49
24278,0.52
24289,0.65
24292,0.37
24293,0.6
24298,0.82
24299,0.49
24303,0.59
24304,0.5
24305,0.36
24323,0.58
24329,0.46
24341,0.33
24345,0.81
24350,0.38
24353,0.5
24358,0.56
24361,0.55
24364,0.58
24367,0.55
24370,0.54
24377,0.51
24380,0.46
24381,0.55
24387,0.15
24390,0.65
24391,0.24
24408,0.2
24409,0.82
24413,0.57
24416,0.31
24427,0.59
24434,0.53
24439,0.21
24443,0.47
24448,0.7
24454,0.64
24455,0.39
24461,0.76
24463,0.58
24464,0.77
24468,0.29
24469,0.74
24499,0.88
24501,0.52
24508,0.49
24517,0.59
24519,0.53
24520,0.73
24538,0.59
24540,0.63
24550,0.28
24552,0.44
24561,0.42
24577,0.86
24579,0.48
24580,0.48
24582,0.44
24590,0.53
24591,0.56
24592,0.33
24599,0.46
24602,0.44
24606,0.56
24611,0.41
24612,0.45
24617,0.75
24619,0.52
24623,0.58
24630,0.37
24633,0.75
24634,0.67
24635,0.49
24638,0.2
24641,0.35
24643,0.35
24644,0.34
24645,0.81
24649,0.48
24650,0.62
24652,0.26
24655,0.35
24656,0.45
24661,0.56
24663,0.36
24667,0.62
24669,0.76
24670,0.4
24682,0.52
24695,0.77
24698,0.59
24699,0.71
24702,0.44
24703,0.81
24710,0.42
24717,0.6
24724,0.78
24728,0.72
24731,0.37
24737,0.45
24740,0.36
24743,0.46
24744,0.8
24755,0.74
24757,0.84
24761,0.66
24765,0.64
24766,0.24
24776,0.45
24787,0.77
24789,0.62
24791,0.37
24792,0.25
24804,0.08
24807,0.65
24812,0.54
24816,0.5
24817,0.55
24820,0.44
24828,0.4
24831,0.73
24832,0.64
24836,0.81
24842,0.71
24846,0.62
24847,0.5
24848,0.82
24851,0.56
24855,0.51
24856,0.66
24871,0.64
24873,0.34
24874,0.59
24877,0.45
24885,0.29
24889,0.41
24892,0.45
24897,0.39
24899,0.75
24908,0.41
24913,0.48
24918,0.7
24923,0.47
24933,0.6
24936,0.36
24948,0.64
24951,0.69
24969,0.39
24971,0.48
24973,0.86
24993,0.9
24996,0.29
24998,0.86
25000,0.86
25001,0.67
25002,0.58
25003,0.85
25009,0.45
25024,0.77
25026,0.31
25027,0.51
25030,0.7
25034,0.4
25037,0.76
25038,0.21
25043,0.87
25050,0.4
25055,0.78
25057,0.37
25067,0.28
25072,0.26
25075,0.55
25079,0.75
25081,0.62
25085,0.12
25086,0.52
25093,0.66
25097,0.75
25103,0.28
25104,0.91
25109,0.65
25112,0.44
25113,0.39
25114,0.61
25119,0.35
25121,0.57
25122,0.85
25124,0.55
25131,0.44
25134,0.05
25140,0.78
25141,0.31
25144,0.44
25147,0.8
25148,0.59
25149,0.35
25155,0.84
25169,0.39
25177,0.49
25178,0.25
25179,0.3
25180,0.8
25191,0.88
25199,0.5
25232,0.47
25241,0.49
25242,0.6
25243,0.78
25246,0.51
25259,0.7
25263,0.4
25265,0.52
25278,0.77
25280,0.62
25281,0.45
25284,0.54
25286,0.65
25288,0.69
25318,0.37
25330,0.69
25333,0.54
25337,0.64
25339,0.37
25340,0.6
25346,0.55
25349,0.82
25351,0.58
25353,0.33
25361,0.73
25364,0.72
25366,0.27
25368,0.88
25369,0.4
25370,0.77
25375,0.27
25376,0.91
25377,0.5
25379,0.46
25382,0.86
25386,0.71
25389,0.77
25399,0.37
25400,0.85
25401,0.54
25407,0.35
25409,0.29
25412,0.52
25416,0.58
25418,0.46
25423,0.25
25428,0.84
25436,0.31
25439,0.5
25442,0.36
25445,0.75
25446,0.47
25453,0.41
25456,0.83
25458,0.71
25460,0.27
25461,0.62
25468,0.6
25469,0.2
25470,0.28
25471,0.6
25475,0.47
25480,0.77
25482,0.27
25501,0.45
25504,0.59
25511,0.24
25515,0.44
25516,0.68
25518,0.45
25528,0.61
25531,0.56
25533,0.65
25543,0.25
25548,0.56
25553,0.76
25564,0.55
25571,0.63
25572,0.6
25576,0.53
25577,0.71
25587,0.28
25588,0.51
25591,0.33
25596,0.86
25598,0.63
25607,0.27
25611,0.3
25617,0.6
25618,0.83
25620,0.56
25621,0.32
25623,0.41
25626,0.51
25628,0.43
25633,0.6
25637,0.52
25644,0.55
25651,0.68
25662,0.11
25663,0.64
25673,0.51
25678,0.5
25685,0.43
25688,0.5
25691,0.71
25702,0.62
25706,0.38
25707,0.34
25710,0.62
25719,0.8
25723,0.53
25725,0.45
25731,0.59
25732,0.5
25735,0.59
25740,0.49
25759,0.54
25761,0.64
25769,0.73
25772,0.13
25774,0.46
25779,0.42
25781,0.5
25784,0.43
25790,0.58
25796,0.43
25803,0.53
25806,0.57
25816,0.35
25830,0.47
25847,0.61
25850,0.55
25852,0.39
25856,0.69
25861,0.34
25866,0.43
25867,0.47
25868,0.59
25869,0.73
25877,0.61
25878,0.72
25890,0.85
25898,0.77
25899,0.39
25906,0.76
25907,0.9
25913,0.72
25915,0.65
25928,0.14
25932,0.23
25934,0.65
25938,0.48
25939,0.41
25946,0.69
25951,0.71
25959,0.69
25961,0.35
25964,0.84
25969,0.51
25978,0.44
25980,0.49
25986,0.85
25992,0.34
25998,0.39
26000,0.71
26002,0.51
26006,0.48
26009,0.65
26016,0.93
26023,0.48
26038,0.74
26041,0.54
26043,0.52
26050,0.59
26051,0.87
26053,0.41
26057,0.56
26060,0.1
26062,0.68
26064,0.81
26067,0.83
26068,0.66
26072,0.41
26074,0.46
26075,0.52
26081,0.7
26108,0.77
26112,0.91
26113,0.32
26115,0.46
26122,0.45
26135,0.37
26136,0.51
26139,0.3
26147,0.59
26155,0.6
26162,0.92
26165,0.43
26173,0.47
26177,0.79
26179,0.4
26184,0.28
26190,0.54
26204,0.42
26205,0.11
26212,0.73
26215,0.6
26223,0.61
26227,0.61
26232,0.85
26237,0.69
26243,0.59
26246,0.37
26248,0.82
26249,0.27
26260,0.56
26263,0.74
26267,0.66
26269,0.46
26271,0.78
26273,0.42
26282,0.73
26286,0.55
26297,0.53
26306,0.69
26309,0.53
26313,0.43
26319,0.61
26329,0.56
26330,0.52
26333,0.67
26337,0.66
26341,0.41
26361,0.8
26365,0.51
26366,0.4
26367,0.48
26376,0.72
26378,0.5
26382,0.455
26386,0.39
26389,0.48
26391,0.61
26400,0.52
26401,0.67
26407,0.76
26415,0.72
26419,0.7
26421,0.66
26422,0.27
26423,0.67
26424,0.31
26441,0.44
26442,0.53
26444,0.5
26446,0.64
26447,0.32
26448,0.36
26451,0.7
26459,0.5
26465,0.7
26466,0.77
26474,0.59
26476,0.48
26481,0.32
26487,0.62
26501,0.61
26503,0.53
26513,0.6
26517,0.59
26527,0.82
26534,0.78
26535,0.77
26545,0.46
26550,0.45
26558,0.57
26571,0.56
26572,0.75
26573,0.79
26575,0.43
26578,0.45
26583,0.78
26584,0.57
26590,0.59
26593,0.66
26602,0.59
26606,0.8
26608,0.47
26613,0.61
26615,0.53
26616,0.56
26618,0.37
26619,0.48
26628,0.71
26630,0.62
26635,0.28
26645,0.52
26648,0.53
26651,0.62
26653,0.56
26660,0.62
26663,0.42
26664,0.65
26665,0.45
26667,0.57
26673,0.55
26675,0.44
26676,0.82
26677,0.47
26679,0.43
26687,0.5
26689,0.67
26697,0.29
26732,0.46
26737,0.8
26747,0.81
26748,0.5
26749,0.8
26754,0.61
26759,0.27
26760,0.85
26765,0.66
26769,0.45
26771,0.37
26776,0.69
26778,0.76
26780,0.56
26783,0.16
26785,0.62
26800,0.21
26804,0.6
26812,0.35
26816,0.58
26823,0.74
26830,0.25
26834,0.77
26836,0.52
26841,0.45
26845,0.6
26849,0.54
26854,0.88
26858,0.52
26860,0.28
26866,0.38
26871,0.69
26873,0.77
26891,0.46
26905,0.49
26907,0.81
26920,0.63
26924,0.44
26930,0.43
26941,0.58
26942,0.43
26944,0.69
26949,0.67
26952,0.66
26956,0.58
26973,0.49
26977,0.34
26989,0.5
26993,0.63
26997,0.6
26999,0.31
27013,0.36
27021,0.18
27023,0.39
27025,0.01
27027,0.51
27031,0.74
27032,0.76
27034,0.61
27036,0.35
27045,0.19
27050,0.36
27051,0.32
27055,0.4
27056,0.42
27057,0.72
27060,0.39
27061,0.72
27066,0.85
27070,0.52
27073,0.31
27077,0.54
27085,0.37
27086,0.6
27099,0.61
27105,0.48
27109,0.33
27125,0.62
27135,0.46
27139,0.72
27140,0.81
27141,0.54
27142,0.41
27144,0.72
27148,0.7
27154,0.42
27160,0.47
27162,0.75
27175,0.26
27176,0.39
27177,0.71
27178,0.52
27197,0.29
27201,0.29
27204,0.63
27205,0.46
27206,0.01
27207,0.61
27208,0.6
27216,0.41
27224,0.56
27230,0.66
27234,0.29
27238,0.32
27241,0.18
27249,0.72
27251,0.39
27252,0.45
27256,0.4
27257,0.53
27263,0.4
27268,0.46
27269,0.36
27271,0.43
27276,0.42
27279,0.9
27288,0.73
27295,0.56
27299,0.72
27302,0.4
27304,0.61
27316,0.59
27318,0.36
27330,0.55
27333,0.55
27335,0.57
27336,0.72
27339,0.35
27341,0.73
27342,0.44
27345,0.35
27347,0.41
27354,0.53
27361,0.3
27375,0.79
27387,0.75
27390,0.87
27392,0.89
27399,0.285
27403,0.37
27410,0.87
27412,0.47
27413,0.45
27423,0.28
27427,0.23
27429,0.58
27432,0.68
27436,0.55
27437,0.37
27441,0.8
27444,0.65
27445,0.76
27448,0.48
27454,0.26
27455,0.48
27459,0.71
27465,0.46
27468,0.36
27477,0.66
27478,0.59
27479,0.52
27481,0.65
27483,0.11
27486,0.58
27498,0.17
27505,0.54
27507,0.29
27509,0.57
27514,0.31
27517,0.65
27527,0.58
27535,0.66
27544,0.57
27545,0.6
27556,0.68
27563,0.23
27565,0.46
27569,0.48
27584,0.47
27585,0.53
27589,0.3
27592,0.35
27600,0.11
27605,0.45
27608,0.73
27609,0.33
27611,0.6
27621,0.54
27626,0.54
27628,0.45
27629,0.41
27645,0.61
27651,0.19
27654,0.37
27656,0.8
27663,0.54
27667,0.7
27673,0.28
27677,0.48
27678,0.11
27680,0.33
27681,0.76
27684,0.47
27688,0.46
27696,0.67
27705,0.43
27706,0.62
27707,0.68
27709,0.38
27720,0.39
27722,0.53
27724,0.37
27733,0.62
27734,0.22
27739,0.3
27746,0.7
27748,0.58
27751,0.63
27755,0.38
27757,0.66
27777,0.31
27783,0.32
27795,0.49
27805,0.41
27810,0.7
27811,0.42
27815,0.58
27820,0.48
27823,0.5
27825,0.72
27830,0.34
27853,0.67
27855,0.29
27856,0.47
27865,0.21
27868,0.68
27873,0.56
27883,0.29
27885,0.71
27887,0.59
27890,0.64
27899,0.46
27921,0.48
27924,0.56
27927,0.43
27929,0.18
27932,0.38
27943,0.8
27945,0.53
27952,0.29
27957,0.68
27960,0.4
27966,0.36
27968,0.74
27980,0.15
27984,0.34
27993,0.54
27994,0.72
27995,0.45
28002,0.71
28004,0.69
28006,0.6
28015,0.55
28028,0.33
28042,0.92
28043,0.58
28055,0.53
28061,0.79
28063,0.55
28077,0.46
28089,0.35
28090,0.84
28093,0.69
28095,0.39
28096,0.36
28098,0.84
28099,0.39
28110,0.34
28111,0.67
28115,0.59
28123,0.26
28125,0.41
28126,0.77
28129,0.91
28131,0.47
28139,0.49
28145,0.77
28146,0.54
28147,0.64
28153,0.57
28155,0.56
28160,0.33
28166,0.67
28167,0.55
28169,0.59
28176,0.3
28181,0.82
28184,0.25
28185,0.32
28187,0.69
28189,0.26
28193,0.16
28195,0.7
28203,0.27
28206,0.49
28209,0.67
28210,0.27
28211,0.35
28216,0.66
28223,0.69
28224,0.57
28231,0.65
28234,0.58
28235,0.45
28248,0.45
28250,0.69
28255,0.475
28266,0.52
28277,0.36
28286,0.35
28288,0.52
28289,0.48
28290,0.54
28296,0.44
28300,0.87
28306,0.66
28307,0.51
28309,0.27
28312,0.33
28323,0.26
28327,0.38
28336,0.41
28345,0.58
28355,0.47
28361,0.39
28362,0.57
28365,0.37
28371,0.62
28374,0.52
28377,0.34
28380,0.59
28381,0.54
28382,0.51
28385,0.57
28393,0.7
28394,0.53
28405,0.52
28413,0.26
28426,0.62
28428,0.33
28429,0.52
28431,0.49
28442,0.45
28445,0.73
28448,0.43
28449,0.53
28457,0.86
28459,0.49
28462,0.4
28465,0.62
28470,0.33
28478,0.36
28490,0.19
28492,0.5
28499,0.35
28500,0.26
28504,0.73
28506,0.74
28509,0.61
28513,0.71
28516,0.56
28519,0.67
28524,0.6
28526,0.31
28527,0.59
28528,0.44
28533,0.6
28547,0.35
28548,0.6
28551,0.34
28563,0.39
28564,0.31
28566,0.34
28568,0.38
28579,0.4
28580,0.08
28589,0.5
28590,0.76
28606,0.32
28610,0.47
28613,0.37
28615,0.47
28619,0.9
28629,0.63
28633,0.44
28635,0.86
28646,0.65
28648,0.55
28651,0.62
28660,0.43
28681,0.76
28683,0.42
28688,0.23
28693,0.26
28696,0.54
28703,0.49
28709,0.59
28712,0.81
28718,0.65
28719,0.39
28727,0.56
28730,0.39
28732,0.74
28740,0.54
28747,0.84
28752,0.76
28757,0.46
28764,0.51
28765,0.65
28770,0.62
28772,0.65
28775,0.44
28783,0.42
28786,0.35
28796,0.55
28799,0.86
28806,0.33
28807,0.48
28815,0.68
28818,0.28
28820,0.5
28823,0.33
28824,0.22
28831,0.92
28834,0.3
28841,0.34
28845,0.58
28848,0.91
28850,0.24
28871,0.3
28880,0.85
28882,0.35
28884,0.23
28904,0.44
28906,0.72
28907,0.34
28919,0.66
28920,0.52
28928,0.69
28935,0.17
28936,0.45
28945,0.3
28950,0.49
28957,0.66
28963,0.34
28974,0.7
28980,0.75
28988,0.35
28990,0.61
28999,0.49
29001,0.54
29004,0.29
29006,0.61
29012,0.49
29018,0.87
29027,0.33
29030,0.37
29032,0.32
29039,0.29
29043,0.62
29052,0.47
29056,0.27
29060,0.52
29064,0.85
29068,0.43
29069,0.47
29074,0.61
29076,0.57
29078,0.13
29081,0.4
29085,0.57
29088,0.56
29091,0.42
29092,0.78
29093,0.49
29094,0.62
29108,0.7
29110,0.32
29114,0.4
29115,0.61
29118,0.68
29125,0.35
29127,0.79
29130,0.5
29140,0.47
29150,0.3
29152,0.4
29153,0.61
29155,0.85
29161,0.39
29165,0.49
29167,0.47
29173,0.6
29174,0.48
29180,0.67
29185,0.39
29190,0.29
29192,0.5
29193,0.64
29194,0.22
29199,0.31
29220,0.12
29231,0.34
29234,0.78
29237,0.34
29240,0.22
29247,0.29
29256,0.57
29275,0.61
29278,0.52
29280,0.68
29286,0.37
29288,0.54
29305,0.47
29327,0.83
29329,0.19
29331,0.64
29333,0.48
29335,0.4
29342,0.34
29344,0.84
29352,0.37
29353,0.38
29358,0.34
29360,0.66
29362,0.09
29373,0.33
29389,0.25
29392,0.47
29393,0.31
29395,0.66
29401,0.36
29403,0.42
29405,0.65
29410,0.51
29420,0.64
29423,0.34
29427,0.56
29429,0.58
29432,0.31
29440,0.84
29447,0.25
29448,0.12
29452,0.36
29455,0.51
29461,0.38
29466,0.31
29474,0.47
29476,0.3
29479,0.24
29486,0.5
29494,0.46
29497,0.34
29505,0.22
29511,0.69
29516,0.76
29522,0.46
29523,0.51
29524,0.53
29529,0.41
29532,0.19
29533,0.37
29535,0.34
29548,0.49
29551,0.45
29562,0.62
29563,0.25
29574,0.66
29575,0.26
29592,0.53
29599,0.77
29601,0.78
29608,0.33
29613,0.63
29620,0.38
29630,0.81
29637,0.46
29638,0.77
29643,0.57
29648,0.3
29651,0.4
29657,0.14
29659,0.46
29662,0.47
29663,0.36
29665,0.61
29671,0.42
29699,0.91
29700,0.42
29706,0.42
29715,0.62
29716,0.47
29717,0.21
29721,0.64
29731,0.48
29732,0.75
29735,0.47
29738,0.22
29739,0.15
29742,0.53
29747,0.66
29749,0.54
29754,0.84
29765,0.45
29773,0.49
29777,0.6
29779,0.18
29783,0.42
29786,0.39
29805,0.77
29808,0.39
29811,0.36
29812,0.47
29815,0.47
29819,0.47
29827,0.37
29833,0.48
29847,0.27
29854,0.55
29856,0.2
29859,0.27
29864,0.62
29865,0.19
29867,0.43
29879,0.47
29884,0.57
29885,0.62
29894,0.33
29897,0.72
29900,0.67
29910,0.62
29926,0.55
29928,0.38
29930,0.52
29935,0.45
29942,0.27
29951,0.37
29953,0.73
29962,0.59
29968,0.5
29970,0.47
29974,0.56
29980,0.68
29982,0.3
29987,0.18
29993,0.37
30001,0.51
30005,0.54
30015,0.72
30030,0.76
30034,0.38
30041,0.48
30044,0.3
30058,0.3
30061,0.66
30062,0.82
30064,0.73
30065,0.44
30069,0.44
30074,0.1
30076,0.38
30080,0.3
30086,0.42
30087,0.71
30092,0.46
30093,0.48
30096,0.61
30097,0.7
30098,0.5
30102,0.69
30106,0.47
30108,0.79
30110,0.5
30111,0.92
30122,0.65
30128,0.67
30130,0.52
30131,0.18
30132,0.57
30135,0.31
30137,0.61
30149,0.6
30157,0.54
30158,0.69
30162,0.48
30170,0.57
30174,0.56
30185,0.42
30195,0.73
30196,0.51
30204,0.28
30207,0.58
30209,0.78
30212,0.44
30216,0.34
30221,0.38
30225,0.8
30229,0.56
30231,0.36
30232,0.47
30233,0.5
30237,0.88
30239,0.37
30242,0.67
30244,0.41
30249,0.41
30262,0.67
30265,0.38
30266,0.54
30281,0.76
30286,0.25
30292,0.33
30303,0.26
30320,0.34
30321,0.36
30322,0.56
30328,0.74
30355,0.41
30356,0.45
30372,0.46
30375,0.49
30376,0.5
30379,0.44
30384,0.65
30386,0.46
30387,0.45
30394,0.71
30395,0.38
30396,0.23
30397,0.31
30402,0.75
30405,0.45
30411,0.47
30413,0.52
30416,0.35
30420,0.41
30422,0.4
30432,0.28
30434,0.07
30438,0.36
30444,0.3
30446,0.8
30447,0.29
30455,0.68
30457,0.51
30459,0.43
30463,0.93
30468,0.46
30477,0.32
30478,0.48
30481,0.58
30482,0.4
30487,0.55
30491,0.43
30492,0.52
30496,0.83
30501,0.64
30506,0.74
30511,0.72
30513,0.59
30516,0.33
30520,0.15
30531,0.18
30542,0.9
30543,0.55
30555,0.71
30557,0.31
30568,0.41
30570,0.61
30581,0.32
30584,0.3
30591,0.58
30594,0.71
30614,0.24
30617,0.44
30618,0.51
30626,0.42
30630,0.42
30631,0.14
30632,0.34
30634,0.29
30636,0.38
30637,0.6
30639,0.3
30647,0.51
30649,0.63
30656,0.35
30660,0.39
30665,0.49
30669,0.15
30680,0.66
30681,0.61
30682,0.2
30683,0.34
30687,0.51
30688,0.76
30694,0.48
